id,sector,weight
table10_row001,x,9
table10_row001,z,9
table10_row002,x,8
table10_row002,z,8
table10_row003,x,9
table10_row003,z,9
table10_row004,x,10
table10_row004,z,10
table10_row005,x,11
table10_row005,z,11
table10_row006,x,10
table10_row006,z,10
table10_row007,x,11
table10_row007,z,11
table10_row008,x,11
table10_row008,z,11
table10_row009,x,13
table10_row009,z,13
table10_row010,x,12
table10_row010,z,12
table10_row011,x,13
table10_row011,z,13
table10_row012,x,10
table10_row012,z,10
table10_row013,x,13
table10_row013,z,13
table10_row014,x,12
table10_row014,z,12
table10_row015,x,16
table10_row015,z,16
table10_row016,x,15
table10_row016,z,15
table10_row017,x,17
table10_row017,z,17
table10_row018,x,13
table10_row018,z,13
table10_row019,x,15
table10_row019,z,15
table10_row020,x,14
table10_row020,z,14
table10_row021,x,18
table10_row021,z,18
table11_row002,x,11
table11_row002,z,9
table11_row003,x,12
table11_row003,z,9
table11_row004,x,13
table11_row004,z,10
table11_row005,x,14
table11_row005,z,10
table2_row001,x,4
table2_row001,z,4
table2_row002,x,8
table2_row002,z,8
table2_row004,x,12
table2_row004,z,12
table2_row005,x,7
table2_row005,z,7
table2_row006,x,12
table2_row006,z,12
table2_row007,x,12
table2_row007,z,12
table2_row008,x,8
table2_row008,z,8
table2_row009,x,12
table2_row009,z,12
table2_row010,x,12
table2_row010,z,12
table2_row011,x,12
table2_row011,z,12
table2_row012,x,11
table2_row012,z,11
table2_row015,x,12
table2_row015,z,12
table2_row016,x,18
table2_row016,z,18
table2_row017,x,16
table2_row017,z,16
table2_row018,x,12
table2_row018,z,12
table2_row019,x,8
table2_row019,z,8
table2_row020,x,17
table2_row020,z,17
table2_row021,x,10
table2_row021,z,10
table2_row022,x,16
table2_row022,z,16
table2_row023,x,12
table2_row023,z,12
table2_row024,x,18
table2_row024,z,18
table2_row025,x,7
table2_row025,z,7
table2_row029,x,17
table2_row029,z,17
table2_row030,x,9
table2_row030,z,9
table2_row031,x,10
table2_row031,z,10
table2_row032,x,18
table2_row032,z,18
table2_row033,x,14
table2_row033,z,14
table2_row034,x,18
table2_row034,z,18
table2_row035,x,12
table2_row035,z,12
table2_row036,x,18
table2_row036,z,18
table2_row037,x,12
table2_row037,z,12
table2_row038,x,11
table2_row038,z,11
table2_row039,x,20
table2_row039,z,20
table2_row040,x,13
table2_row040,z,13
table2_row041,x,15
table2_row041,z,15
table2_row042,x,18
table2_row042,z,18
table2_row043,x,13
table2_row043,z,13
table2_row046,x,22
table2_row046,z,22
table2_row047,x,14
table2_row047,z,14
table2_row048,x,15
table2_row048,z,15
table2_row049,x,12
table2_row049,z,12
table2_row050,x,21
table2_row050,z,21
table2_row051,x,20
table2_row051,z,20
table2_row052,x,12
table2_row052,z,12
table2_row053,x,10
table2_row053,z,10
table2_row054,x,20
table2_row054,z,20
table2_row055,x,10
table2_row055,z,10
table2_row056,x,14
table2_row056,z,14
table2_row057,x,24
table2_row057,z,24
table2_row058,x,14
table2_row058,z,14
table2_row059,x,12
table2_row059,z,12
table2_row060,x,10
table2_row060,z,10
table2_row061,x,24
table2_row061,z,24
table2_row062,x,11
table2_row062,z,11
table2_row063,x,16
table2_row063,z,16
table2_row064,x,25
table2_row064,z,25
table2_row065,x,16
table2_row065,z,16
table2_row069,x,9
table2_row069,z,9
table2_row070,x,13
table2_row070,z,13
table2_row071,x,24
table2_row071,z,24
table3_row001,x,8
table3_row001,z,8
table3_row002,x,12
table3_row002,z,12
table3_row003,x,12
table3_row003,z,12
table3_row004,x,9
table3_row004,z,9
table3_row006,x,18
table3_row006,z,18
table3_row007,x,12
table3_row007,z,12
table3_row008,x,21
table3_row008,z,21
table3_row009,x,18
table3_row009,z,18
table3_row010,x,18
table3_row010,z,18
table3_row011,x,12
table3_row011,z,12
table3_row012,x,18
table3_row012,z,18
table3_row013,x,28
table3_row013,z,29
table3_row014,x,31
table3_row014,z,31
table3_row015,x,24
table3_row015,z,24
table3_row016,x,22
table3_row016,z,22
table3_row017,x,24
table3_row017,z,24
table3_row018,x,31
table3_row018,z,32
table3_row019,x,20
table3_row019,z,20
table3_row020,x,22
table3_row020,z,22
table3_row021,x,42
table3_row021,z,42
table3_row022,x,22
table3_row022,z,22
table3_row023,x,41
table3_row023,z,105
table3_row024,x,86
table3_row024,z,38
table3_row025,x,121
table3_row025,z,121
table3_row026,x,18
table3_row026,z,18
table3_row027,x,132
table3_row027,z,132
table3_row028,x,24
table3_row028,z,24
table3_row029,x,24
table3_row029,z,24
table3_row030,x,24
table3_row030,z,24
table4_row001,x,4
table4_row001,z,4
table4_row002,x,8
table4_row002,z,8
table4_row003,x,12
table4_row003,z,12
table4_row004,x,12
table4_row004,z,12
table4_row005,x,14
table4_row005,z,14
table4_row006,x,20
table4_row006,z,20
table4_row007,x,16
table4_row007,z,16
table4_row008,x,10
table4_row008,z,10
table4_row009,x,12
table4_row009,z,12
table4_row010,x,18
table4_row010,z,18
table4_row011,x,18
table4_row011,z,18
table4_row012,x,28
table4_row012,z,28
table4_row013,x,24
table4_row013,z,24
table4_row014,x,16
table4_row014,z,16
table4_row015,x,18
table4_row015,z,18
table4_row016,x,20
table4_row016,z,20
table4_row017,x,12
table4_row017,z,12
table4_row018,x,9
table4_row018,z,9
table4_row019,x,20
table4_row019,z,20
table4_row020,x,6
table4_row020,z,6
table4_row021,x,28
table4_row021,z,32
table4_row022,x,9
table4_row022,z,9
table4_row023,x,112
table4_row023,z,112
table4_row024,x,27
table4_row024,z,29
table4_row026,x,34
table4_row026,z,122
table5_row002,x,8
table5_row002,z,8
table5_row004,x,8
table5_row004,z,8
table5_row005,x,10
table5_row005,z,10
table5_row006,x,12
table5_row006,z,12
table5_row008,x,8
table5_row008,z,8
table5_row009,x,10
table5_row009,z,10
table5_row010,x,12
table5_row010,z,12
table6_row002,x,9
table6_row002,z,9
table6_row003,x,9
table6_row003,z,9
table6_row004,x,7
table6_row004,z,7
table6_row005,x,11
table6_row005,z,11
table6_row006,x,10
table6_row006,z,10
table6_row007,x,11
table6_row007,z,11
table6_row009,x,10
table6_row009,z,10
table6_row010,x,12
table6_row010,z,12
table6_row011,x,11
table6_row011,z,11
table6_row012,x,12
table6_row012,z,12
table6_row013,x,11
table6_row013,z,11
table6_row014,x,12
table6_row014,z,12
table6_row015,x,13
table6_row015,z,13
table6_row016,x,12
table6_row016,z,12
table6_row017,x,12
table6_row017,z,12
table6_row018,x,12
table6_row018,z,12
table6_row019,x,12
table6_row019,z,12
table6_row020,x,13
table6_row020,z,13
table6_row021,x,14
table6_row021,z,14
table6_row022,x,14
table6_row022,z,14
table6_row023,x,13
table6_row023,z,13
table6_row024,x,13
table6_row024,z,13
table6_row025,x,14
table6_row025,z,14
table6_row026,x,13
table6_row026,z,13
table6_row027,x,14
table6_row027,z,14
table6_row028,x,13
table6_row028,z,13
table6_row029,x,13
table6_row029,z,13
table6_row030,x,14
table6_row030,z,14
table6_row031,x,14
table6_row031,z,14
table6_row033,x,14
table6_row033,z,14
table6_row034,x,15
table6_row034,z,15
table6_row035,x,15
table6_row035,z,15
table6_row036,x,15
table6_row036,z,15
table6_row037,x,15
table6_row037,z,15
table6_row038,x,16
table6_row038,z,16
table6_row039,x,17
table6_row039,z,17
table6_row041,x,15
table6_row041,z,15
table6_row042,x,15
table6_row042,z,15
table6_row043,x,16
table6_row043,z,16
table6_row044,x,15
table6_row044,z,15
table6_row045,x,16
table6_row045,z,16
table6_row046,x,15
table6_row046,z,15
table6_row047,x,17
table6_row047,z,17
table6_row048,x,16
table6_row048,z,16
table6_row049,x,17
table6_row049,z,17
table6_row050,x,17
table6_row050,z,17
table6_row051,x,16
table6_row051,z,16
table6_row052,x,16
table6_row052,z,16
table6_row053,x,17
table6_row053,z,17
table6_row054,x,17
table6_row054,z,17
table6_row055,x,17
table6_row055,z,17
table6_row056,x,16
table6_row056,z,16
table6_row057,x,17
table6_row057,z,17
table6_row058,x,16
table6_row058,z,16
table6_row059,x,18
table6_row059,z,18
table6_row060,x,18
table6_row060,z,18
table6_row061,x,17
table6_row061,z,17
table6_row062,x,18
table6_row062,z,18
table6_row063,x,20
table6_row063,z,20
table7_row018,x,12
table7_row018,z,7
table7_row020,x,12
table7_row020,z,7
table7_row021,x,13
table7_row021,z,7
table7_row022,x,12
table7_row022,z,7
table7_row025,x,14
table7_row025,z,7
table7_row027,x,14
table7_row027,z,7
table7_row028,x,13
table7_row028,z,7
table7_row030,x,13
table7_row030,z,7
table7_row031,x,14
table7_row031,z,7
table7_row032,x,13
table7_row032,z,7
table7_row033,x,14
table7_row033,z,7
table7_row034,x,15
table7_row034,z,8
table7_row035,x,16
table7_row035,z,8
table7_row036,x,13
table7_row036,z,7
table7_row037,x,14
table7_row037,z,7
table7_row038,x,15
table7_row038,z,8
table7_row039,x,13
table7_row039,z,7
table7_row041,x,16
table7_row041,z,7
table7_row043,x,15
table7_row043,z,7
table7_row044,x,15
table7_row044,z,8
table7_row045,x,15
table7_row045,z,9
table7_row046,x,15
table7_row046,z,8
table7_row048,x,18
table7_row048,z,9
table7_row049,x,20
table7_row049,z,9
table7_row050,x,18
table7_row050,z,9
table7_row051,x,20
table7_row051,z,8
table7_row052,x,16
table7_row052,z,8
table7_row053,x,20
table7_row053,z,8
table7_row054,x,21
table7_row054,z,9
table7_row055,x,21
table7_row055,z,9
table7_row056,x,21
table7_row056,z,10
table7_row057,x,22
table7_row057,z,9
table7_row058,x,22
table7_row058,z,10
table7_row059,x,22
table7_row059,z,10
table7_row060,x,20
table7_row060,z,9
table7_row061,x,22
table7_row061,z,10
table7_row062,x,21
table7_row062,z,9
table7_row063,x,24
table7_row063,z,10
table7_row064,x,24
table7_row064,z,10
table7_row065,x,23
table7_row065,z,11
table7_row066,x,25
table7_row066,z,11
table7_row067,x,24
table7_row067,z,10
table7_row068,x,13
table7_row068,z,7
table7_row069,x,25
table7_row069,z,12
table7_row070,x,26
table7_row070,z,10
table7_row071,x,25
table7_row071,z,11
table7_row072,x,28
table7_row072,z,11
table7_row073,x,28
table7_row073,z,12
table7_row074,x,25
table7_row074,z,11
table7_row075,x,24
table7_row075,z,10
table7_row076,x,26
table7_row076,z,11
table7_row077,x,26
table7_row077,z,11
table7_row078,x,28
table7_row078,z,12
table7_row080,x,28
table7_row080,z,10
table7_row081,x,30
table7_row081,z,11
table7_row082,x,30
table7_row082,z,12
table7_row083,x,30
table7_row083,z,11
table7_row084,x,23
table7_row084,z,12
table7_row085,x,27
table7_row085,z,11
table7_row086,x,30
table7_row086,z,13
table7_row087,x,30
table7_row087,z,12
table7_row088,x,29
table7_row088,z,12
table7_row089,x,28
table7_row089,z,10
table7_row090,x,32
table7_row090,z,13
table7_row091,x,24
table7_row091,z,8
table7_row092,x,32
table7_row092,z,13
table7_row093,x,26
table7_row093,z,11
table7_row094,x,34
table7_row094,z,12
table7_row095,x,32
table7_row095,z,12
table7_row096,x,27
table7_row096,z,12
table7_row097,x,31
table7_row097,z,11
table7_row098,x,28
table7_row098,z,13
table7_row099,x,29
table7_row099,z,12
table7_row100,x,35
table7_row100,z,14
table7_row101,x,28
table7_row101,z,12
table7_row102,x,33
table7_row102,z,14
table7_row103,x,34
table7_row103,z,13
table7_row104,x,34
table7_row104,z,14
table7_row105,x,30
table7_row105,z,13
table7_row106,x,38
table7_row106,z,16
table7_row107,x,34
table7_row107,z,12
table7_row108,x,33
table7_row108,z,13
table8_row004,x,7
table8_row004,z,7
table8_row005,x,8
table8_row005,z,8
table8_row006,x,8
table8_row006,z,8
table8_row007,x,10
table8_row007,z,10
table8_row008,x,9
table8_row008,z,9
table8_row009,x,9
table8_row009,z,9
table8_row010,x,9
table8_row010,z,9
table8_row011,x,10
table8_row011,z,10
table8_row012,x,10
table8_row012,z,10
table8_row013,x,10
table8_row013,z,10
table8_row014,x,11
table8_row014,z,11
table8_row015,x,10
table8_row015,z,10
table8_row016,x,12
table8_row016,z,12
table8_row017,x,11
table8_row017,z,11
table8_row018,x,12
table8_row018,z,12
table8_row019,x,11
table8_row019,z,11
table8_row020,x,12
table8_row020,z,12
table8_row021,x,12
table8_row021,z,12
table8_row022,x,14
table8_row022,z,14
table8_row023,x,13
table8_row023,z,13
table8_row024,x,14
table8_row024,z,14
table8_row025,x,14
table8_row025,z,14
table8_row026,x,14
table8_row026,z,14
table8_row027,x,15
table8_row027,z,15
table8_row028,x,15
table8_row028,z,15
table8_row029,x,15
table8_row029,z,15
table8_row030,x,15
table8_row030,z,15
table8_row031,x,15
table8_row031,z,15
table8_row032,x,15
table8_row032,z,15
table8_row033,x,18
table8_row033,z,18
table8_row034,x,18
table8_row034,z,18
table8_row035,x,18
table8_row035,z,18
table8_row036,x,15
table8_row036,z,15
table8_row037,x,18
table8_row037,z,18
table8_row038,x,18
table8_row038,z,18
table8_row039,x,20
table8_row039,z,20
table8_row040,x,15
table8_row040,z,15
table8_row041,x,18
table8_row041,z,18
table8_row042,x,18
table8_row042,z,18
table8_row043,x,18
table8_row043,z,18
table8_row044,x,19
table8_row044,z,19
table8_row045,x,19
table8_row045,z,19
table8_row046,x,20
table8_row046,z,20
table8_row047,x,19
table8_row047,z,19
table8_row048,x,18
table8_row048,z,18
table8_row049,x,20
table8_row049,z,20
table8_row050,x,20
table8_row050,z,20
table8_row051,x,21
table8_row051,z,21
table8_row052,x,20
table8_row052,z,20
table8_row053,x,21
table8_row053,z,21
table8_row054,x,21
table8_row054,z,21
table8_row055,x,22
table8_row055,z,22
table8_row056,x,20
table8_row056,z,20
table8_row057,x,20
table8_row057,z,20
table8_row058,x,24
table8_row058,z,24
table8_row059,x,21
table8_row059,z,21
table8_row060,x,23
table8_row060,z,23
table8_row061,x,23
table8_row061,z,23
table8_row062,x,22
table8_row062,z,22
table9_row004,x,10
table9_row004,z,7
table9_row006,x,10
table9_row006,z,7
table9_row007,x,11
table9_row007,z,7
table9_row008,x,11
table9_row008,z,7
table9_row009,x,12
table9_row009,z,7
table9_row010,x,12
table9_row010,z,8
table9_row011,x,15
table9_row011,z,9
table9_row012,x,15
table9_row012,z,8
table9_row013,x,15
table9_row013,z,10
table9_row014,x,15
table9_row014,z,9
table9_row015,x,15
table9_row015,z,10
table9_row016,x,16
table9_row016,z,10
table9_row017,x,15
table9_row017,z,10
table9_row018,x,17
table9_row018,z,10
table9_row019,x,18
table9_row019,z,11
table9_row020,x,19
table9_row020,z,12
table9_row021,x,18
table9_row021,z,11
table9_row022,x,19
table9_row022,z,11
table9_row023,x,18
table9_row023,z,9
table9_row024,x,20
table9_row024,z,12
table9_row025,x,22
table9_row025,z,13
table9_row026,x,20
table9_row026,z,13
