id,source,reported_n,n,reported_k,k,rank_x,rank_z,reported_dx,reported_dz,sqetch_x_upper,sqetch_z_upper,verified_x_upper,verified_z_upper,best_x_upper,best_z_upper,best_x_support_verified,best_z_support_verified,reported_dx_comparison,reported_dz_comparison,row_min_x,row_median_x,row_max_x,row_min_z,row_median_z,row_max_z,column_min_x,column_median_x,column_max_x,column_min_z,column_median_z,column_max_z,css_ok,mx_ok,mz_ok,reviewer_z_valid,independent_structure_match,trials_requested_per_sector,seed,k_sub,elapsed_seconds,status,flags,duplicate_of,error
"table10_row010","table10","1260","1260","70","70","595","595","12","12","13","14","18","28","13","14","false","false","SEARCH_DID_NOT_REPRODUCE_CLAIM","SEARCH_DID_NOT_REPRODUCE_CLAIM","10","10.0","10","10","10.0","10","8","8.0","8","8","8.0","8","true","true","true","","true","150000000","6085","64","1159.8754889965057","COMPLETE_UPPER_BOUND_SEARCH","","",""
"table10_row013","table10","1470","1470","70","70","700","700","13","13","13","14","21","21","13","14","false","false","MATCHED_UPPER_BOUND_NOT_EXACT","SEARCH_DID_NOT_REPRODUCE_CLAIM","10","10.0","10","10","10.0","10","8","8.0","8","8","8.0","8","true","true","true","","true","150000000","6088","64","1353.1814079284668","COMPLETE_UPPER_BOUND_SEARCH","","",""
"table10_row014","table10","1540","1540","70","70","735","735","12","12","13","12","22","32","13","12","false","false","SEARCH_DID_NOT_REPRODUCE_CLAIM","MATCHED_UPPER_BOUND_NOT_EXACT","10","10.0","10","10","10.0","10","8","8.0","8","8","8.0","8","true","true","true","","true","150000000","6089","64","1746.1748631000519","COMPLETE_UPPER_BOUND_SEARCH","","",""
"table10_row017","table10","1750","1750","70","70","840","840","17","17","19","17","25","21","19","17","false","false","SEARCH_DID_NOT_REPRODUCE_CLAIM","MATCHED_UPPER_BOUND_NOT_EXACT","10","10.0","10","10","10.0","10","8","8.0","8","8","8.0","8","true","true","true","","true","150000000","6092","64","2018.3063418865204","COMPLETE_UPPER_BOUND_SEARCH","","",""
"table2_row036","table2","672","672","6","6","333","333","18","18","18","20","56","98","18","20","false","false","MATCHED_UPPER_BOUND_NOT_EXACT","SEARCH_DID_NOT_REPRODUCE_CLAIM","6","6.0","6","6","6.0","6","4","4.0","4","4","4.0","4","true","true","true","","true","150000000","5714","64","371.9510450363159","COMPLETE_UPPER_BOUND_SEARCH","","",""
"table2_row046","table2","792","792","6","6","393","393","22","22","22","24","24","38","22","24","false","false","MATCHED_UPPER_BOUND_NOT_EXACT","SEARCH_DID_NOT_REPRODUCE_CLAIM","6","6.0","6","6","6.0","6","4","4.0","4","4","4.0","4","true","true","true","","true","150000000","5724","64","473.7554290294647","COMPLETE_UPPER_BOUND_SEARCH","","",""
"table2_row050","table2","810","810","6","6","402","402","21","21","24","21","105","85","24","21","false","false","SEARCH_DID_NOT_REPRODUCE_CLAIM","MATCHED_UPPER_BOUND_NOT_EXACT","6","6.0","6","6","6.0","6","4","4.0","4","4","4.0","4","true","true","true","","true","150000000","5728","64","505.63815903663635","COMPLETE_UPPER_BOUND_SEARCH","","",""
"table2_row051","table2","816","816","6","6","405","405","20","20","22","20","34","36","22","20","false","false","SEARCH_DID_NOT_REPRODUCE_CLAIM","MATCHED_UPPER_BOUND_NOT_EXACT","6","6.0","6","6","6.0","6","4","4.0","4","4","4.0","4","true","true","true","","true","150000000","5729","64","483.3846960067749","COMPLETE_UPPER_BOUND_SEARCH","","",""
"table2_row063","table2","912","912","12","12","450","450","16","16","16","17","55","27","16","17","false","false","MATCHED_UPPER_BOUND_NOT_EXACT","SEARCH_DID_NOT_REPRODUCE_CLAIM","6","6.0","6","6","6.0","6","4","4.0","4","4","4.0","4","true","true","true","","true","150000000","5741","64","617.97088098526","COMPLETE_UPPER_BOUND_SEARCH","","",""
"table2_row071","table2","972","972","6","6","483","483","24","24","27","24","81","50","27","24","false","false","SEARCH_DID_NOT_REPRODUCE_CLAIM","MATCHED_UPPER_BOUND_NOT_EXACT","6","6.0","6","6","6.0","6","4","4.0","4","4","4.0","4","true","true","true","","true","150000000","5749","64","786.8888027667999","COMPLETE_UPPER_BOUND_SEARCH","","",""
"table3_row019","table3","672","672","18","18","327","327","21","21","24","20","24","53","24","20","true","false","SEARCH_DID_NOT_REPRODUCE_CLAIM","SMALLER_UPPER_BOUND_FOUND","9","9.0","9","9","9.0","9","6","6.0","6","6","6.0","6","true","true","true","","true","150000000","5768","64","345.6327519416809","COMPLETE_UPPER_BOUND_SEARCH","REPORTED_DZ_TOO_HIGH","",""
"table3_row022","table3","756","756","12","12","372","372","22","22","28","23","56","109","28","23","false","false","SEARCH_DID_NOT_REPRODUCE_CLAIM","SEARCH_DID_NOT_REPRODUCE_CLAIM","9","9.0","9","9","9.0","9","6","6.0","6","6","6.0","6","true","true","true","","true","150000000","5771","64","454.0967400074005","COMPLETE_UPPER_BOUND_SEARCH","","",""
"table3_row026","table3","864","864","12","12","426","426","18","18","18","42","144","189","18","42","false","false","MATCHED_UPPER_BOUND_NOT_EXACT","SEARCH_DID_NOT_REPRODUCE_CLAIM","9","9.0","9","9","9.0","9","6","6.0","6","6","6.0","6","true","true","true","","true","150000000","5775","64","538.251914024353","COMPLETE_UPPER_BOUND_SEARCH","","",""
"table6_row045","table6","414","414","6","6","204","204","16","16","17","16","58","51","17","16","false","false","SEARCH_DID_NOT_REPRODUCE_CLAIM","MATCHED_UPPER_BOUND_NOT_EXACT","6","6.0","6","6","6.0","6","4","4.0","4","4","4.0","4","true","true","true","","true","150000000","5861","64","273.89505195617676","COMPLETE_UPPER_BOUND_SEARCH","","",""
"table7_row056","table7","410","410","10","10","160","240","21","10","23","10","41","26","23","10","false","false","SEARCH_DID_NOT_REPRODUCE_CLAIM","MATCHED_UPPER_BOUND_NOT_EXACT","8","8.0","8","6","6.0","6","4","4.0","4","6","6.0","6","true","true","true","","true","150000000","5935","64","267.6110019683838","COMPLETE_UPPER_BOUND_SEARCH","","",""
"table7_row057","table7","420","420","10","10","164","246","22","9","22","10","40","17","22","10","false","false","MATCHED_UPPER_BOUND_NOT_EXACT","SEARCH_DID_NOT_REPRODUCE_CLAIM","8","8.0","8","6","6.0","6","4","4.0","4","6","6.0","6","true","true","true","","true","150000000","5936","64","269.0331001281738","COMPLETE_UPPER_BOUND_SEARCH","","",""
"table7_row065","table7","500","500","10","10","196","294","23","11","23","12","50","25","23","12","false","false","MATCHED_UPPER_BOUND_NOT_EXACT","SEARCH_DID_NOT_REPRODUCE_CLAIM","8","8.0","8","6","6.0","6","4","4.0","4","6","6.0","6","true","true","true","","true","150000000","5944","64","321.44480085372925","COMPLETE_UPPER_BOUND_SEARCH","","",""
"table7_row070","table7","550","550","10","10","216","324","26","10","27","10","55","32","27","10","false","false","SEARCH_DID_NOT_REPRODUCE_CLAIM","MATCHED_UPPER_BOUND_NOT_EXACT","8","8.0","8","6","6.0","6","4","4.0","4","6","6.0","6","true","true","true","","true","150000000","5949","64","324.45643305778503","COMPLETE_UPPER_BOUND_SEARCH","","",""
"table7_row073","table7","580","580","10","10","228","342","28","12","29","12","58","41","29","12","false","false","SEARCH_DID_NOT_REPRODUCE_CLAIM","MATCHED_UPPER_BOUND_NOT_EXACT","8","8.0","8","6","6.0","6","4","4.0","4","6","6.0","6","true","true","true","","true","150000000","5952","64","352.88534593582153","COMPLETE_UPPER_BOUND_SEARCH","","",""
"table7_row074","table7","590","590","10","10","232","348","27","11","29","11","59","20","29","11","false","false","SEARCH_DID_NOT_REPRODUCE_CLAIM","MATCHED_UPPER_BOUND_NOT_EXACT","8","8.0","8","6","6.0","6","4","4.0","4","6","6.0","6","true","true","true","","true","150000000","5953","64","345.09883213043213","COMPLETE_UPPER_BOUND_SEARCH","","",""
"table7_row083","table7","680","680","10","10","268","402","30","11","32","11","42","26","32","11","false","false","SEARCH_DID_NOT_REPRODUCE_CLAIM","MATCHED_UPPER_BOUND_NOT_EXACT","8","8.0","8","6","6.0","6","4","4.0","4","6","6.0","6","true","true","true","","true","150000000","5962","64","377.5608129501343","COMPLETE_UPPER_BOUND_SEARCH","","",""
"table7_row084","table7","690","690","10","10","272","408","35","12","23","14","69","34","23","14","false","false","SMALLER_UPPER_BOUND_FOUND","SEARCH_DID_NOT_REPRODUCE_CLAIM","8","8.0","8","6","6.0","6","4","4.0","4","6","6.0","6","true","true","true","","true","150000000","5963","64","380.9389750957489","COMPLETE_UPPER_BOUND_SEARCH","REPORTED_DX_TOO_HIGH","",""
"table7_row094","table7","790","790","10","10","312","468","39","12","34","15","79","51","34","15","false","false","SMALLER_UPPER_BOUND_FOUND","SEARCH_DID_NOT_REPRODUCE_CLAIM","8","8.0","8","6","6.0","6","4","4.0","4","6","6.0","6","true","true","true","","true","150000000","5973","64","469.8651280403137","COMPLETE_UPPER_BOUND_SEARCH","REPORTED_DX_TOO_HIGH","",""
"table7_row101","table7","860","860","10","10","340","510","36","12","28","13","52","29","28","13","false","false","SMALLER_UPPER_BOUND_FOUND","SEARCH_DID_NOT_REPRODUCE_CLAIM","8","8.0","8","6","6.0","6","4","4.0","4","6","6.0","6","true","true","true","","true","150000000","5980","64","596.0877158641815","COMPLETE_UPPER_BOUND_SEARCH","REPORTED_DX_TOO_HIGH","",""
"table7_row104","table7","890","890","10","10","352","528","36","14","40","14","42","16","40","14","false","false","SEARCH_DID_NOT_REPRODUCE_CLAIM","MATCHED_UPPER_BOUND_NOT_EXACT","8","8.0","8","6","6.0","6","4","4.0","4","6","6.0","6","true","true","true","","true","150000000","5983","64","594.9361619949341","COMPLETE_UPPER_BOUND_SEARCH","","",""
"table8_row016","table8","400","400","20","20","190","190","11","11","12","12","20","20","12","12","false","false","SEARCH_DID_NOT_REPRODUCE_CLAIM","SEARCH_DID_NOT_REPRODUCE_CLAIM","8","8.0","8","8","8.0","8","6","6.0","6","6","6.0","6","true","true","true","","true","150000000","6003","64","260.9623529911041","COMPLETE_UPPER_BOUND_SEARCH","","",""
"table8_row025","table8","580","580","20","20","280","280","14","14","14","15","22","18","14","15","false","false","MATCHED_UPPER_BOUND_NOT_EXACT","SEARCH_DID_NOT_REPRODUCE_CLAIM","8","8.0","8","8","8.0","8","6","6.0","6","6","6.0","6","true","true","true","","true","150000000","6012","64","341.7589612007141","COMPLETE_UPPER_BOUND_SEARCH","","",""
"table8_row045","table8","980","980","20","20","480","480","19","19","19","21","27","27","19","21","false","false","MATCHED_UPPER_BOUND_NOT_EXACT","SEARCH_DID_NOT_REPRODUCE_CLAIM","8","8.0","8","8","8.0","8","6","6.0","6","6","6.0","6","true","true","true","","true","150000000","6032","64","787.8564999103546","COMPLETE_UPPER_BOUND_SEARCH","","",""
"table8_row047","table8","1020","1020","20","20","500","500","19","19","19","19","36","20","19","19","false","false","MATCHED_UPPER_BOUND_NOT_EXACT","MATCHED_UPPER_BOUND_NOT_EXACT","8","8.0","8","8","8.0","8","6","6.0","6","6","6.0","6","true","true","true","","true","150000000","6034","64","836.321280002594","COMPLETE_UPPER_BOUND_SEARCH","","",""
"table8_row049","table8","1060","1060","20","20","520","520","20","20","21","20","27","41","21","20","false","false","SEARCH_DID_NOT_REPRODUCE_CLAIM","MATCHED_UPPER_BOUND_NOT_EXACT","8","8.0","8","8","8.0","8","6","6.0","6","6","6.0","6","true","true","true","","true","150000000","6036","64","788.3252539634705","COMPLETE_UPPER_BOUND_SEARCH","","",""
"table8_row050","table8","1080","1080","20","20","530","530","20","20","20","21","35","41","20","21","false","false","MATCHED_UPPER_BOUND_NOT_EXACT","SEARCH_DID_NOT_REPRODUCE_CLAIM","8","8.0","8","8","8.0","8","6","6.0","6","6","6.0","6","true","true","true","","true","150000000","6037","64","794.5242869853973","COMPLETE_UPPER_BOUND_SEARCH","","",""
"table8_row052","table8","1120","1120","20","20","550","550","20","20","24","24","56","40","24","24","false","false","SEARCH_DID_NOT_REPRODUCE_CLAIM","SEARCH_DID_NOT_REPRODUCE_CLAIM","8","8.0","8","8","8.0","8","6","6.0","6","6","6.0","6","true","true","true","","true","150000000","6039","64","824.8809690475464","COMPLETE_UPPER_BOUND_SEARCH","","",""
"table8_row057","table8","1220","1220","20","20","600","600","20","20","20","22","53","47","20","22","false","false","MATCHED_UPPER_BOUND_NOT_EXACT","SEARCH_DID_NOT_REPRODUCE_CLAIM","8","8.0","8","8","8.0","8","6","6.0","6","6","6.0","6","true","true","true","","true","150000000","6044","64","1065.2835838794708","COMPLETE_UPPER_BOUND_SEARCH","","",""
"table8_row062","table8","1320","1320","20","20","650","650","22","22","22","26","35","35","22","26","false","false","MATCHED_UPPER_BOUND_NOT_EXACT","SEARCH_DID_NOT_REPRODUCE_CLAIM","8","8.0","8","8","8.0","8","6","6.0","6","6","6.0","6","true","true","true","","true","150000000","6049","64","1133.960541009903","COMPLETE_UPPER_BOUND_SEARCH","","",""
"table9_row019","table9","805","805","35","35","330","440","18","11","18","12","23","22","18","12","false","false","MATCHED_UPPER_BOUND_NOT_EXACT","SEARCH_DID_NOT_REPRODUCE_CLAIM","10","10.0","10","8","8.0","8","6","6.0","6","8","8.0","8","true","true","true","","true","150000000","6068","64","503.94510793685913","COMPLETE_UPPER_BOUND_SEARCH","","",""
"table9_row022","table9","910","910","35","35","375","500","19","11","19","12","26","18","19","12","false","false","MATCHED_UPPER_BOUND_NOT_EXACT","SEARCH_DID_NOT_REPRODUCE_CLAIM","10","10.0","10","8","8.0","8","6","6.0","6","8","8.0","8","true","true","true","","true","150000000","6071","64","630.2259829044342","COMPLETE_UPPER_BOUND_SEARCH","","",""
"table9_row023","table9","945","945","35","35","390","520","18","9","18","12","22","17","18","12","false","false","MATCHED_UPPER_BOUND_NOT_EXACT","SEARCH_DID_NOT_REPRODUCE_CLAIM","10","10.0","10","8","8.0","8","6","6.0","6","8","8.0","8","true","true","true","","true","150000000","6072","64","642.083240032196","COMPLETE_UPPER_BOUND_SEARCH","","",""
"table9_row024","table9","980","980","35","35","405","540","20","12","21","12","28","21","21","12","false","false","SEARCH_DID_NOT_REPRODUCE_CLAIM","MATCHED_UPPER_BOUND_NOT_EXACT","10","10.0","10","8","8.0","8","6","6.0","6","8","8.0","8","true","true","true","","true","150000000","6073","64","825.3700408935547","COMPLETE_UPPER_BOUND_SEARCH","","",""
