id,source,source_line,reported_n,reported_k,reported_dx,reported_dz,duplicate_of,n,k,rank_x,rank_z,css_ok,mx_ok,mz_ok,row_min_x,row_median_x,row_max_x,col_min_x,col_median_x,col_max_x,row_min_z,row_median_z,row_max_z,col_min_z,col_median_z,col_max_z,flags,reviewer_z_valid,reviewer_z_upper
table2_row001,table2,1863,96,12,4,4,,96,12,42,42,True,True,True,6,6.0,6,4,4.0,4,6,6.0,6,4,4.0,4,,,
table2_row002,table2,1867,144,6,8,8,,144,6,69,69,True,True,True,6,6.0,6,4,4.0,4,6,6.0,6,4,4.0,4,,,
table2_row003,table2,1871,192,6,8,8,,192,6,93,93,True,True,True,6,6.0,6,4,4.0,4,6,6.0,6,4,4.0,4,,,
table2_row004,table2,1873,216,6,12,12,,216,6,105,105,True,True,True,6,6.0,6,4,4.0,4,6,6.0,6,4,4.0,4,,,
table2_row005,table2,1877,240,12,7,7,,240,12,114,114,True,True,True,6,6.0,6,4,4.0,4,6,6.0,6,4,4.0,4,,,
table2_row006,table2,1879,240,6,12,12,,240,6,117,117,True,True,True,6,6.0,6,4,4.0,4,6,6.0,6,4,4.0,4,,,
table2_row007,table2,1881,288,6,12,12,,288,6,141,141,True,True,True,6,6.0,6,4,4.0,4,6,6.0,6,4,4.0,4,,,
table2_row008,table2,1883,288,12,8,8,,288,12,138,138,True,True,True,6,6.0,6,4,4.0,4,6,6.0,6,4,4.0,4,,,
table2_row009,table2,1885,324,6,12,12,,324,6,159,159,True,True,True,6,6.0,6,4,4.0,4,6,6.0,6,4,4.0,4,,,
table2_row010,table2,1887,336,6,12,12,,336,6,165,165,True,True,True,6,6.0,6,4,4.0,4,6,6.0,6,4,4.0,4,,,
table2_row011,table2,1889,360,6,12,12,,360,6,177,177,True,True,True,6,6.0,6,4,4.0,4,6,6.0,6,4,4.0,4,,,
table2_row012,table2,1891,360,12,11,11,,360,12,174,174,True,True,True,6,6.0,6,4,4.0,4,6,6.0,6,4,4.0,4,,,
table2_row013,table2,1893,384,6,12,12,,384,6,189,189,True,True,True,6,6.0,6,4,4.0,4,6,6.0,6,4,4.0,4,,,
table2_row014,table2,1895,384,12,8,8,,384,12,186,186,True,True,True,6,6.0,6,4,4.0,4,6,6.0,6,4,4.0,4,,,
table2_row015,table2,1897,432,12,12,12,,432,12,210,210,True,True,True,6,6.0,6,4,4.0,4,6,6.0,6,4,4.0,4,,,
table2_row016,table2,1899,432,6,18,19,,432,6,213,213,True,True,True,6,6.0,6,4,4.0,4,6,6.0,6,4,4.0,4,,,
table2_row017,table2,1901,480,6,16,16,,480,6,237,237,True,True,True,6,6.0,6,4,4.0,4,6,6.0,6,4,4.0,4,,,
table2_row018,table2,1903,480,12,12,12,,480,12,234,234,True,True,True,6,6.0,6,4,4.0,4,6,6.0,6,4,4.0,4,,,
table2_row019,table2,1905,480,24,8,8,,480,24,228,228,True,True,True,6,6.0,6,4,4.0,4,6,6.0,6,4,4.0,4,,,
table2_row020,table2,1907,504,6,17,17,,504,6,249,249,True,True,True,6,6.0,6,4,4.0,4,6,6.0,6,4,4.0,4,,,
table2_row021,table2,1909,504,12,10,10,,504,12,246,246,True,True,True,6,6.0,6,4,4.0,4,6,6.0,6,4,4.0,4,,,
table2_row022,table2,1911,528,6,16,16,,528,6,261,261,True,True,True,6,6.0,6,4,4.0,4,6,6.0,6,4,4.0,4,,,
table2_row023,table2,1913,528,12,12,12,,528,12,258,258,True,True,True,6,6.0,6,4,4.0,4,6,6.0,6,4,4.0,4,,,
table2_row024,table2,1915,540,6,18,18,,540,6,267,267,True,True,True,6,6.0,6,4,4.0,4,6,6.0,6,4,4.0,4,,,
table2_row025,table2,1917,540,18,7,7,,540,18,261,261,True,True,True,6,6.0,6,4,4.0,4,6,6.0,6,4,4.0,4,,,
table2_row026,table2,1919,576,12,12,12,,576,12,282,282,True,True,True,6,6.0,6,4,4.0,4,6,6.0,6,4,4.0,4,,,
table2_row027,table2,1921,576,6,16,16,,576,6,285,285,True,True,True,6,6.0,6,4,4.0,4,6,6.0,6,4,4.0,4,,,
table2_row028,table2,1923,576,18,8,8,,576,18,279,279,True,True,True,6,6.0,6,4,4.0,4,6,6.0,6,4,4.0,4,,,
table2_row029,table2,1925,600,6,17,17,,600,6,297,297,True,True,True,6,6.0,6,4,4.0,4,6,6.0,6,4,4.0,4,,,
table2_row030,table2,1927,600,24,9,9,,600,24,288,288,True,True,True,6,6.0,6,4,4.0,4,6,6.0,6,4,4.0,4,,,
table2_row031,table2,1929,600,12,10,10,,600,12,294,294,True,True,True,6,6.0,6,4,4.0,4,6,6.0,6,4,4.0,4,,,
table2_row032,table2,1931,624,6,18,18,,624,6,309,309,True,True,True,6,6.0,6,4,4.0,4,6,6.0,6,4,4.0,4,,,
table2_row033,table2,1933,624,12,14,14,,624,12,306,306,True,True,True,6,6.0,6,4,4.0,4,6,6.0,6,4,4.0,4,,,
table2_row034,table2,1935,648,6,21,21,,648,6,321,321,True,True,True,6,6.0,6,4,4.0,4,6,6.0,6,4,4.0,4,,,
table2_row035,table2,1937,648,12,12,12,,648,12,318,318,True,True,True,6,6.0,6,4,4.0,4,6,6.0,6,4,4.0,4,,,
table2_row036,table2,1939,672,6,18,18,,672,6,333,333,True,True,True,6,6.0,6,4,4.0,4,6,6.0,6,4,4.0,4,,,
table2_row037,table2,1941,672,12,12,12,,672,12,330,330,True,True,True,6,6.0,6,4,4.0,4,6,6.0,6,4,4.0,4,,,
table2_row038,table2,1943,672,24,11,11,,672,24,324,324,True,True,True,6,6.0,6,4,4.0,4,6,6.0,6,4,4.0,4,,,
table2_row039,table2,1945,720,6,22,22,,720,6,357,357,True,True,True,6,6.0,6,4,4.0,4,6,6.0,6,4,4.0,4,,,
table2_row040,table2,1947,720,12,13,13,,720,12,354,354,True,True,True,6,6.0,6,4,4.0,4,6,6.0,6,4,4.0,4,,,
table2_row041,table2,1949,720,12,15,15,,720,12,354,354,True,True,True,6,6.0,6,4,4.0,4,6,6.0,6,4,4.0,4,,,
table2_row042,table2,1951,756,6,18,18,,756,6,375,375,True,True,True,6,6.0,6,4,4.0,4,6,6.0,6,4,4.0,4,,,
table2_row043,table2,1953,756,18,13,13,,756,18,369,369,True,True,True,6,6.0,6,4,4.0,4,6,6.0,6,4,4.0,4,,,
table2_row044,table2,1955,768,12,14,14,,768,12,378,378,True,True,True,6,6.0,6,4,4.0,4,6,6.0,6,4,4.0,4,,,
table2_row045,table2,1957,768,6,16,16,,768,6,381,381,True,True,True,6,6.0,6,4,4.0,4,6,6.0,6,4,4.0,4,,,
table2_row046,table2,1959,792,6,22,22,,792,6,393,393,True,True,True,6,6.0,6,4,4.0,4,6,6.0,6,4,4.0,4,,,
table2_row047,table2,1961,792,12,14,14,,792,12,390,390,True,True,True,6,6.0,6,4,4.0,4,6,6.0,6,4,4.0,4,,,
table2_row048,table2,1963,792,12,15,15,,792,12,390,390,True,True,True,6,6.0,6,4,4.0,4,6,6.0,6,4,4.0,4,,,
table2_row049,table2,1965,810,18,12,12,,810,18,396,396,True,True,True,6,6.0,6,4,4.0,4,6,6.0,6,4,4.0,4,,,
table2_row050,table2,1967,810,6,21,21,,810,6,402,402,True,True,True,6,6.0,6,4,4.0,4,6,6.0,6,4,4.0,4,,,
table2_row051,table2,1969,816,6,20,20,,816,6,405,405,True,True,True,6,6.0,6,4,4.0,4,6,6.0,6,4,4.0,4,,,
table2_row052,table2,1971,816,12,12,12,,816,12,402,402,True,True,True,6,6.0,6,4,4.0,4,6,6.0,6,4,4.0,4,,,
table2_row053,table2,1973,816,24,10,10,,816,24,396,396,True,True,True,6,6.0,6,4,4.0,4,6,6.0,6,4,4.0,4,,,
table2_row054,table2,1975,840,6,22,22,,840,6,417,417,True,True,True,6,6.0,6,4,4.0,4,6,6.0,6,4,4.0,4,,,
table2_row055,table2,1977,840,24,10,10,,840,24,408,408,True,True,True,6,6.0,6,4,4.0,4,6,6.0,6,4,4.0,4,,,
table2_row056,table2,1979,840,12,14,14,,840,12,414,414,True,True,True,6,6.0,6,4,4.0,4,6,6.0,6,4,4.0,4,,,
table2_row057,table2,1983,864,6,28,28,,864,6,429,429,True,True,True,6,6.0,6,4,4.0,4,6,6.0,6,4,4.0,4,,,
table2_row058,table2,1985,864,12,14,14,,864,12,426,426,True,True,True,6,6.0,6,4,4.0,4,6,6.0,6,4,4.0,4,,,
table2_row059,table2,1987,864,18,12,12,,864,18,423,423,True,True,True,6,6.0,6,4,4.0,4,6,6.0,6,4,4.0,4,,,
table2_row060,table2,1989,864,24,10,10,,864,24,420,420,True,True,True,6,6.0,6,4,4.0,4,6,6.0,6,4,4.0,4,,,
table2_row061,table2,1991,900,6,24,24,,900,6,447,447,True,True,True,6,6.0,6,4,4.0,4,6,6.0,6,4,4.0,4,,,
table2_row062,table2,1993,900,12,11,11,,900,12,444,444,True,True,True,6,6.0,6,4,4.0,4,6,6.0,6,4,4.0,4,,,
table2_row063,table2,1995,912,12,16,16,,912,12,450,450,True,True,True,6,6.0,6,4,4.0,4,6,6.0,6,4,4.0,4,,,
table2_row064,table2,1997,936,6,25,25,,936,6,465,465,True,True,True,6,6.0,6,4,4.0,4,6,6.0,6,4,4.0,4,,,
table2_row065,table2,1999,936,12,16,16,,936,12,462,462,True,True,True,6,6.0,6,4,4.0,4,6,6.0,6,4,4.0,4,,,
table2_row066,table2,2001,960,6,24,24,,960,6,477,477,True,True,True,6,6.0,6,4,4.0,4,6,6.0,6,4,4.0,4,,,
table2_row067,table2,2003,960,12,16,16,,960,12,474,474,True,True,True,6,6.0,6,4,4.0,4,6,6.0,6,4,4.0,4,,,
table2_row068,table2,2005,960,24,10,10,,960,24,468,468,True,True,True,6,6.0,6,4,4.0,4,6,6.0,6,4,4.0,4,,,
table2_row069,table2,2007,972,36,9,9,,972,36,468,468,True,True,True,6,6.0,6,4,4.0,4,6,6.0,6,4,4.0,4,,,
table2_row070,table2,2009,972,18,13,13,,972,18,477,477,True,True,True,6,6.0,6,4,4.0,4,6,6.0,6,4,4.0,4,,,
table2_row071,table2,2011,972,6,24,24,,972,6,483,483,True,True,True,6,6.0,6,4,4.0,4,6,6.0,6,4,4.0,4,,,
table3_row001,table3,2053,144,12,8,8,,144,12,66,66,True,True,True,9,9.0,9,6,6.0,6,9,9.0,9,6,6.0,6,,,
table3_row002,table3,2055,144,12,12,12,,144,12,66,66,True,True,True,9,9.0,9,6,6.0,6,9,9.0,9,6,6.0,6,,,
table3_row003,table3,2057,216,12,12,12,,216,12,102,102,True,True,True,9,9.0,9,6,6.0,6,9,9.0,9,6,6.0,6,,,
table3_row004,table3,2059,216,24,9,9,,216,24,96,96,True,True,True,9,9.0,9,6,6.0,6,9,9.0,9,6,6.0,6,,,
table3_row005,table3,2061,288,12,16,16,,288,0,144,144,True,True,True,9,9.0,9,6,6.0,6,9,9.0,9,6,6.0,6,K_MISMATCH,,
table3_row006,table3,2063,324,12,20,20,,324,12,156,156,True,True,True,9,9.0,9,6,6.0,6,9,9.0,9,6,6.0,6,REPORTED_DZ_REFUTED_BY_WITNESS,True,18
table3_row007,table3,2065,336,18,12,12,,336,18,159,159,True,True,True,9,9.0,9,6,6.0,6,9,9.0,9,6,6.0,6,,,
table3_row008,table3,2067,432,12,27,27,,432,12,210,210,True,True,True,9,9.0,9,6,6.0,6,9,9.0,9,6,6.0,6,REPORTED_DZ_REFUTED_BY_WITNESS,True,21
table3_row009,table3,2069,432,24,18,18,,432,24,204,204,True,True,True,9,9.0,9,6,6.0,6,9,9.0,9,6,6.0,6,,,
table3_row010,table3,2071,486,12,25,25,,486,12,237,237,True,True,True,9,9.0,9,6,6.0,6,9,9.0,9,6,6.0,6,,,
table3_row011,table3,2073,486,24,12,12,,486,24,231,231,True,True,True,9,9.0,9,6,6.0,6,9,9.0,9,6,6.0,6,,,
table3_row012,table3,2075,504,12,18,18,,504,12,246,246,True,True,True,9,9.0,9,6,6.0,6,9,9.0,9,6,6.0,6,,,
table3_row013,table3,2077,504,12,53,75,,504,12,246,246,True,True,True,9,9.0,9,6,6.0,6,9,9.0,9,6,6.0,6,,,
table3_row014,table3,2079,540,12,79,79,,540,12,264,264,True,True,True,9,9.0,9,6,6.0,6,9,9.0,9,6,6.0,6,,,
table3_row015,table3,2082,576,12,58,35,,576,12,282,282,True,True,True,9,9.0,9,6,6.0,6,9,9.0,9,6,6.0,6,,,
table3_row016,table3,2084,648,18,23,23,,648,12,318,318,True,True,True,9,9.0,9,6,6.0,6,9,9.0,9,6,6.0,6,K_MISMATCH;REPORTED_DZ_REFUTED_BY_WITNESS,True,22
table3_row017,table3,2086,648,12,96,44,,648,12,318,318,True,True,True,9,9.0,9,6,6.0,6,9,9.0,9,6,6.0,6,,,
table3_row018,table3,2088,648,12,102,102,,648,12,318,318,True,True,True,9,9.0,9,6,6.0,6,9,9.0,9,6,6.0,6,,,
table3_row019,table3,2090,672,18,21,21,,672,18,327,327,True,True,True,9,9.0,9,6,6.0,6,9,9.0,9,6,6.0,6,,,
table3_row020,table3,2092,720,12,22,22,,720,12,354,354,True,True,True,9,9.0,9,6,6.0,6,9,9.0,9,6,6.0,6,,,
table3_row021,table3,2094,720,12,114,110,,720,12,354,354,True,True,True,9,9.0,9,6,6.0,6,9,9.0,9,6,6.0,6,,,
table3_row022,table3,2096,756,12,22,22,,756,12,372,372,True,True,True,9,9.0,9,6,6.0,6,9,9.0,9,6,6.0,6,,,
table3_row023,table3,2098,756,12,128,124,,756,12,372,372,True,True,True,9,9.0,9,6,6.0,6,9,9.0,9,6,6.0,6,,,
table3_row024,table3,2100,810,12,122,136,,810,12,399,399,True,True,True,9,9.0,9,6,6.0,6,9,9.0,9,6,6.0,6,,,
table3_row025,table3,2102,840,18,141,144,,840,18,411,411,True,True,True,9,9.0,9,6,6.0,6,9,9.0,9,6,6.0,6,,,
table3_row026,table3,2104,864,12,18,18,,864,12,426,426,True,True,True,9,9.0,9,6,6.0,6,9,9.0,9,6,6.0,6,,,
table3_row027,table3,2106,864,12,151,149,,864,12,426,426,True,True,True,9,9.0,9,6,6.0,6,9,9.0,9,6,6.0,6,,,
table3_row028,table3,2108,972,12,167,167,,972,12,480,480,True,True,True,9,9.0,9,6,6.0,6,9,9.0,9,6,6.0,6,,,
table3_row029,table3,2110,972,24,27,26,,972,24,474,474,True,True,True,9,9.0,9,6,6.0,6,9,9.0,9,6,6.0,6,,,
table3_row030,table3,2112,972,24,27,162,,972,24,474,474,True,True,True,9,9.0,9,6,6.0,6,9,9.0,9,6,6.0,6,,,
table4_row001,table4,2174,96,44,4,4,,96,44,26,26,True,True,True,12,12.0,12,8,8.0,8,12,12.0,12,8,8.0,8,,,
table4_row002,table4,2177,144,12,8,8,,144,12,66,66,True,True,True,8,9.0,10,4,6.0,8,8,9.0,10,4,6.0,8,,,
table4_row003,table4,2179,192,12,12,12,,192,12,90,90,True,True,True,12,12.0,12,8,8.0,8,12,12.0,12,8,8.0,8,,,
table4_row004,table4,2184,216,12,12,12,,216,12,102,102,True,True,True,8,9.0,10,4,6.0,8,8,9.0,10,4,6.0,8,,,
table4_row005,table4,2186,216,12,14,14,,216,12,102,102,True,True,True,12,12.0,12,8,8.0,8,12,12.0,12,8,8.0,8,,,
table4_row006,table4,2188,240,6,24,24,,240,6,117,117,True,True,True,12,12.0,12,8,8.0,8,12,12.0,12,8,8.0,8,,,
table4_row007,table4,2190,240,12,16,16,,240,12,114,114,True,True,True,12,12.0,12,8,8.0,8,12,12.0,12,8,8.0,8,,,
table4_row008,table4,2192,240,18,10,10,,240,18,111,111,True,True,True,12,12.0,12,8,8.0,8,12,12.0,12,8,8.0,8,,,
table4_row009,table4,2194,288,24,12,12,,288,24,132,132,True,True,True,12,12.0,12,8,8.0,8,12,12.0,12,8,8.0,8,,,
table4_row010,table4,2196,324,6,51,49,,324,6,159,159,True,True,True,12,12.0,12,8,8.0,8,12,12.0,12,8,8.0,8,,,
table4_row011,table4,2198,324,18,18,18,,324,18,153,153,True,True,True,12,12.0,12,8,8.0,8,12,12.0,12,8,8.0,8,,,
table4_row012,table4,2200,336,6,54,54,,336,6,165,165,True,True,True,12,12.0,12,8,8.0,8,12,12.0,12,8,8.0,8,,,
table4_row013,table4,2202,336,12,49,49,,336,12,162,162,True,True,True,12,12.0,12,8,8.0,8,12,12.0,12,8,8.0,8,,,
table4_row014,table4,2204,384,24,16,16,,384,24,180,180,True,True,True,12,12.0,12,8,8.0,8,12,12.0,12,8,8.0,8,,,
table4_row015,table4,2206,432,12,70,70,,432,12,210,210,True,True,True,12,12.0,12,8,8.0,8,12,12.0,12,8,8.0,8,,,
table4_row016,table4,2208,480,12,80,80,,480,12,234,234,True,True,True,12,12.0,12,8,8.0,8,12,12.0,12,8,8.0,8,,,
table4_row017,table4,2226,486,24,12,12,,486,24,231,231,True,True,True,9,9.0,9,6,6.0,6,9,9.0,9,6,6.0,6,,,
table4_row018,table4,2228,486,66,9,9,,486,66,210,210,True,True,True,12,12.0,12,8,8.0,8,12,12.0,12,8,8.0,8,,,
table4_row019,table4,2230,576,12,100,100,,480,12,234,234,True,True,True,12,12.0,12,8,8.0,8,12,12.0,12,8,8.0,8,N_MISMATCH,,
table4_row020,table4,2232,576,64,6,6,,576,64,256,256,True,True,True,12,12.0,12,8,8.0,8,12,12.0,12,8,8.0,8,,,
table4_row021,table4,2234,624,12,110,110,,624,12,306,306,True,True,True,12,12.0,12,8,8.0,8,12,12.0,12,8,8.0,8,,,
table4_row022,table4,2236,648,60,9,9,,648,60,294,294,True,True,True,12,12.0,12,8,8.0,8,12,12.0,12,8,8.0,8,,,
table4_row023,table4,2238,672,12,122,122,,672,12,330,330,True,True,True,12,12.0,12,8,8.0,8,12,12.0,12,8,8.0,8,,,
table4_row024,table4,2240,720,12,131,131,,720,12,354,354,True,True,True,12,12.0,12,8,8.0,8,12,12.0,12,8,8.0,8,,,
table4_row025,table4,2242,768,12,12,12,,768,12,378,378,True,True,True,6,6.0,6,4,4.0,4,6,6.0,6,4,4.0,4,,,
table4_row026,table4,2244,768,12,144,144,,768,12,378,378,True,True,True,12,12.0,12,8,8.0,8,12,12.0,12,8,8.0,8,,,
table5_row001,table5,2284,96,12,6,6,,96,12,42,42,True,True,True,12,12.0,12,8,8.0,8,12,12.0,12,8,8.0,8,,,
table5_row002,table5,2286,96,12,8,8,,96,12,42,42,True,True,True,12,12.0,12,8,8.0,8,12,12.0,12,8,8.0,8,,,
table5_row003,table5,2288,144,6,6,6,,144,6,69,69,True,True,True,12,12.0,12,8,8.0,8,12,12.0,12,8,8.0,8,,,
table5_row004,table5,2290,144,6,8,8,,144,6,69,69,True,True,True,12,12.0,12,8,8.0,8,12,12.0,12,8,8.0,8,,,
table5_row005,table5,2292,144,6,10,10,,144,6,69,69,True,True,True,12,12.0,12,8,8.0,8,12,12.0,12,8,8.0,8,,,
table5_row006,table5,2294,144,6,12,12,,144,6,69,69,True,True,True,12,12.0,12,8,8.0,8,12,12.0,12,8,8.0,8,,,
table5_row007,table5,2296,144,12,6,6,,144,12,66,66,True,True,True,12,12.0,12,8,8.0,8,12,12.0,12,8,8.0,8,,,
table5_row008,table5,2298,144,12,8,8,,144,12,66,66,True,True,True,12,12.0,12,8,8.0,8,12,12.0,12,8,8.0,8,,,
table5_row009,table5,2300,144,12,10,10,,144,12,66,66,True,True,True,12,12.0,12,8,8.0,8,12,12.0,12,8,8.0,8,,,
table5_row010,table5,2302,144,12,12,12,,144,12,66,66,True,True,True,12,12.0,12,8,8.0,8,12,12.0,12,8,8.0,8,,,
table5_row011,table5,2304,144,18,6,6,,144,18,63,63,True,True,True,12,12.0,12,8,8.0,8,12,12.0,12,8,8.0,8,,,
table6_row001,table6,2345,156,6,10,10,,156,6,75,75,True,True,True,6,6.0,6,4,4.0,4,6,6.0,6,4,4.0,4,,,
table6_row002,table6,2347,162,6,9,9,,162,6,78,78,True,True,True,6,6.0,6,4,4.0,4,6,6.0,6,4,4.0,4,,,
table6_row003,table6,2349,168,6,9,9,,168,6,81,81,True,True,True,6,6.0,6,4,4.0,4,6,6.0,6,4,4.0,4,,,
table6_row004,table6,2351,168,12,7,7,,168,12,78,78,True,True,True,6,6.0,6,4,4.0,4,6,6.0,6,4,4.0,4,,,
table6_row005,table6,2353,174,6,11,11,,174,6,84,84,True,True,True,6,6.0,6,4,4.0,4,6,6.0,6,4,4.0,4,,,
table6_row006,table6,2355,180,6,10,10,,180,6,87,87,True,True,True,6,6.0,6,4,4.0,4,6,6.0,6,4,4.0,4,,,
table6_row007,table6,2357,186,6,11,11,,186,6,90,90,True,True,True,6,6.0,6,4,4.0,4,6,6.0,6,4,4.0,4,,,
table6_row008,table6,2359,192,6,11,11,,192,6,93,93,True,True,True,6,6.0,6,4,4.0,4,6,6.0,6,4,4.0,4,,,
table6_row009,table6,2361,198,6,10,10,,198,6,96,96,True,True,True,6,6.0,6,4,4.0,4,6,6.0,6,4,4.0,4,,,
table6_row010,table6,2363,204,6,12,12,,204,6,99,99,True,True,True,6,6.0,6,4,4.0,4,6,6.0,6,4,4.0,4,,,
table6_row011,table6,2365,210,6,11,11,,210,6,102,102,True,True,True,6,6.0,6,4,4.0,4,6,6.0,6,4,4.0,4,,,
table6_row012,table6,2367,216,6,12,12,,216,6,105,105,True,True,True,6,6.0,6,4,4.0,4,6,6.0,6,4,4.0,4,,,
table6_row013,table6,2369,222,6,11,11,,222,6,108,108,True,True,True,6,6.0,6,4,4.0,4,6,6.0,6,4,4.0,4,,,
table6_row014,table6,2371,228,6,12,12,,228,6,111,111,True,True,True,6,6.0,6,4,4.0,4,6,6.0,6,4,4.0,4,,,
table6_row015,table6,2373,234,6,13,13,,234,6,114,114,True,True,True,6,6.0,6,4,4.0,4,6,6.0,6,4,4.0,4,,,
table6_row016,table6,2375,240,6,12,12,,240,6,117,117,True,True,True,6,6.0,6,4,4.0,4,6,6.0,6,4,4.0,4,,,
table6_row017,table6,2377,246,6,12,12,,246,6,120,120,True,True,True,6,6.0,6,4,4.0,4,6,6.0,6,4,4.0,4,,,
table6_row018,table6,2379,252,6,12,12,,252,6,123,123,True,True,True,6,6.0,6,4,4.0,4,6,6.0,6,4,4.0,4,,,
table6_row019,table6,2381,258,6,12,12,,258,6,126,126,True,True,True,6,6.0,6,4,4.0,4,6,6.0,6,4,4.0,4,,,
table6_row020,table6,2383,264,6,13,13,,264,6,129,129,True,True,True,6,6.0,6,4,4.0,4,6,6.0,6,4,4.0,4,,,
table6_row021,table6,2385,270,6,14,14,,270,6,132,132,True,True,True,6,6.0,6,4,4.0,4,6,6.0,6,4,4.0,4,,,
table6_row022,table6,2387,276,6,14,14,,276,6,135,135,True,True,True,6,6.0,6,4,4.0,4,6,6.0,6,4,4.0,4,,,
table6_row023,table6,2389,282,6,13,13,,282,6,138,138,True,True,True,6,6.0,6,4,4.0,4,6,6.0,6,4,4.0,4,,,
table6_row024,table6,2391,288,6,13,13,,288,6,141,141,True,True,True,6,6.0,6,4,4.0,4,6,6.0,6,4,4.0,4,,,
table6_row025,table6,2393,294,6,14,14,,294,6,144,144,True,True,True,6,6.0,6,4,4.0,4,6,6.0,6,4,4.0,4,,,
table6_row026,table6,2395,300,6,13,13,,300,6,147,147,True,True,True,6,6.0,6,4,4.0,4,6,6.0,6,4,4.0,4,,,
table6_row027,table6,2397,306,6,14,14,,306,6,150,150,True,True,True,6,6.0,6,4,4.0,4,6,6.0,6,4,4.0,4,,,
table6_row028,table6,2399,312,6,13,13,,312,6,153,153,True,True,True,6,6.0,6,4,4.0,4,6,6.0,6,4,4.0,4,,,
table6_row029,table6,2401,318,6,13,13,,318,6,156,156,True,True,True,6,6.0,6,4,4.0,4,6,6.0,6,4,4.0,4,,,
table6_row030,table6,2403,324,6,14,14,,324,6,159,159,True,True,True,6,6.0,6,4,4.0,4,6,6.0,6,4,4.0,4,,,
table6_row031,table6,2405,330,6,14,14,,330,6,162,162,True,True,True,6,6.0,6,4,4.0,4,6,6.0,6,4,4.0,4,,,
table6_row032,table6,2407,336,6,14,14,,336,6,165,165,True,True,True,6,6.0,6,4,4.0,4,6,6.0,6,4,4.0,4,,,
table6_row033,table6,2409,342,6,14,14,,342,6,168,168,True,True,True,6,6.0,6,4,4.0,4,6,6.0,6,4,4.0,4,,,
table6_row034,table6,2411,348,6,15,15,,348,6,171,171,True,True,True,6,6.0,6,4,4.0,4,6,6.0,6,4,4.0,4,,,
table6_row035,table6,2413,354,6,15,15,,354,6,174,174,True,True,True,6,6.0,6,4,4.0,4,6,6.0,6,4,4.0,4,,,
table6_row036,table6,2415,360,6,15,15,,360,6,177,177,True,True,True,6,6.0,6,4,4.0,4,6,6.0,6,4,4.0,4,,,
table6_row037,table6,2417,366,6,15,15,,366,6,180,180,True,True,True,6,6.0,6,4,4.0,4,6,6.0,6,4,4.0,4,,,
table6_row038,table6,2419,372,6,16,16,,372,6,183,183,True,True,True,6,6.0,6,4,4.0,4,6,6.0,6,4,4.0,4,,,
table6_row039,table6,2421,378,6,17,17,,378,6,186,186,True,True,True,6,6.0,6,4,4.0,4,6,6.0,6,4,4.0,4,,,
table6_row040,table6,2423,384,6,17,17,,384,6,189,189,True,True,True,6,6.0,6,4,4.0,4,6,6.0,6,4,4.0,4,,,
table6_row041,table6,2425,390,6,15,15,,390,6,192,192,True,True,True,6,6.0,6,4,4.0,4,6,6.0,6,4,4.0,4,,,
table6_row042,table6,2427,396,6,15,15,,396,6,195,195,True,True,True,6,6.0,6,4,4.0,4,6,6.0,6,4,4.0,4,,,
table6_row043,table6,2429,402,6,16,16,,402,6,198,198,True,True,True,6,6.0,6,4,4.0,4,6,6.0,6,4,4.0,4,,,
table6_row044,table6,2431,408,6,15,15,,408,6,201,201,True,True,True,6,6.0,6,4,4.0,4,6,6.0,6,4,4.0,4,,,
table6_row045,table6,2433,414,6,16,16,,414,6,204,204,True,True,True,6,6.0,6,4,4.0,4,6,6.0,6,4,4.0,4,,,
table6_row046,table6,2435,420,6,15,15,,420,6,207,207,True,True,True,6,6.0,6,4,4.0,4,6,6.0,6,4,4.0,4,,,
table6_row047,table6,2437,426,6,17,17,,426,6,210,210,True,True,True,6,6.0,6,4,4.0,4,6,6.0,6,4,4.0,4,,,
table6_row048,table6,2439,432,6,16,16,,432,6,213,213,True,True,True,6,6.0,6,4,4.0,4,6,6.0,6,4,4.0,4,,,
table6_row049,table6,2441,438,6,17,17,,438,6,216,216,True,True,True,6,6.0,6,4,4.0,4,6,6.0,6,4,4.0,4,,,
table6_row050,table6,2443,444,6,17,17,,444,6,219,219,True,True,True,6,6.0,6,4,4.0,4,6,6.0,6,4,4.0,4,,,
table6_row051,table6,2445,450,6,16,16,,450,6,222,222,True,True,True,6,6.0,6,4,4.0,4,6,6.0,6,4,4.0,4,,,
table6_row052,table6,2447,456,6,16,16,,456,6,225,225,True,True,True,6,6.0,6,4,4.0,4,6,6.0,6,4,4.0,4,,,
table6_row053,table6,2449,462,6,17,17,,462,6,228,228,True,True,True,6,6.0,6,4,4.0,4,6,6.0,6,4,4.0,4,,,
table6_row054,table6,2451,468,6,17,17,,468,6,231,231,True,True,True,6,6.0,6,4,4.0,4,6,6.0,6,4,4.0,4,,,
table6_row055,table6,2453,474,6,17,17,,474,6,234,234,True,True,True,6,6.0,6,4,4.0,4,6,6.0,6,4,4.0,4,,,
table6_row056,table6,2455,480,6,16,16,,480,6,237,237,True,True,True,6,6.0,6,4,4.0,4,6,6.0,6,4,4.0,4,,,
table6_row057,table6,2457,486,6,17,17,,486,6,240,240,True,True,True,6,6.0,6,4,4.0,4,6,6.0,6,4,4.0,4,,,
table6_row058,table6,2459,492,6,16,16,,492,6,243,243,True,True,True,6,6.0,6,4,4.0,4,6,6.0,6,4,4.0,4,,,
table6_row059,table6,2461,498,6,18,18,,498,6,246,246,True,True,True,6,6.0,6,4,4.0,4,6,6.0,6,4,4.0,4,,,
table6_row060,table6,2463,504,6,18,18,,504,6,249,249,True,True,True,6,6.0,6,4,4.0,4,6,6.0,6,4,4.0,4,,,
table6_row061,table6,2465,510,6,17,17,,510,6,252,252,True,True,True,6,6.0,6,4,4.0,4,6,6.0,6,4,4.0,4,,,
table6_row062,table6,2467,516,6,20,20,,516,6,255,255,True,True,True,6,6.0,6,4,4.0,4,6,6.0,6,4,4.0,4,,,
table6_row063,table6,2469,522,6,20,20,,522,6,258,258,True,True,True,6,6.0,6,4,4.0,4,6,6.0,6,4,4.0,4,,,
table7_row001,table7,2527,60,10,6,3,,60,10,20,30,True,True,True,8,8.0,8,4,4.0,4,6,6.0,6,6,6.0,6,,,
table7_row002,table7,2529,70,10,6,4,,70,10,24,36,True,True,True,8,8,8,4,4.0,4,6,6.0,6,6,6.0,6,,,
table7_row003,table7,2531,80,10,6,4,,80,10,28,42,True,True,True,8,8.0,8,4,4.0,4,6,6.0,6,6,6.0,6,,,
table7_row004,table7,2533,80,10,7,4,,80,10,28,42,True,True,True,8,8.0,8,4,4.0,4,6,6.0,6,6,6.0,6,,,
table7_row005,table7,2535,90,10,6,4,,90,10,32,48,True,True,True,8,8,8,4,4.0,4,6,6.0,6,6,6.0,6,,,
table7_row006,table7,2537,90,10,7,4,,90,10,32,48,True,True,True,8,8,8,4,4.0,4,6,6.0,6,6,6.0,6,,,
table7_row007,table7,2539,100,10,8,4,,100,10,36,54,True,True,True,8,8.0,8,4,4.0,4,6,6.0,6,6,6.0,6,,,
table7_row008,table7,2541,110,10,10,6,,110,10,40,60,True,True,True,8,8,8,4,4.0,4,6,6.0,6,6,6.0,6,,,
table7_row009,table7,2543,120,10,9,6,,120,10,44,66,True,True,True,8,8.0,8,4,4.0,4,6,6.0,6,6,6.0,6,,,
table7_row010,table7,2545,130,10,10,6,,130,10,48,72,True,True,True,8,8,8,4,4.0,4,6,6.0,6,6,6.0,6,,,
table7_row011,table7,2547,140,10,10,6,,140,10,52,78,True,True,True,8,8.0,8,4,4.0,4,6,6.0,6,6,6.0,6,,,
table7_row012,table7,2549,150,10,10,6,,150,10,56,84,True,True,True,8,8,8,4,4.0,4,6,6.0,6,6,6.0,6,,,
table7_row013,table7,2551,150,10,12,6,,150,10,56,84,True,True,True,8,8,8,4,4.0,4,6,6.0,6,6,6.0,6,,,
table7_row014,table7,2553,160,10,10,6,,160,10,60,90,True,True,True,8,8.0,8,4,4.0,4,6,6.0,6,6,6.0,6,,,
table7_row015,table7,2555,160,10,11,6,,160,10,60,90,True,True,True,8,8.0,8,4,4.0,4,6,6.0,6,6,6.0,6,,,
table7_row016,table7,2557,170,10,10,5,,170,10,64,96,True,True,True,8,8,8,4,4.0,4,6,6.0,6,6,6.0,6,,,
table7_row017,table7,2559,170,10,12,6,,170,10,64,96,True,True,True,8,8,8,4,4.0,4,6,6.0,6,6,6.0,6,,,
table7_row018,table7,2561,180,10,12,7,,180,10,68,102,True,True,True,8,8.0,8,4,4.0,4,6,6.0,6,6,6.0,6,,,
table7_row019,table7,2563,180,10,12,7,table7_row018,180,10,68,102,True,True,True,8,8.0,8,4,4.0,4,6,6.0,6,6,6.0,6,DUPLICATE_INPUT,,
table7_row020,table7,2565,190,10,12,7,,190,10,72,108,True,True,True,8,8,8,4,4.0,4,6,6.0,6,6,6.0,6,,,
table7_row021,table7,2567,190,10,13,7,,190,10,72,108,True,True,True,8,8,8,4,4.0,4,6,6.0,6,6,6.0,6,,,
table7_row022,table7,2569,200,10,12,7,,200,10,76,114,True,True,True,8,8.0,8,4,4.0,4,6,6.0,6,6,6.0,6,,,
table7_row023,table7,2571,200,10,13,6,,200,10,76,114,True,True,True,8,8.0,8,4,4.0,4,6,6.0,6,6,6.0,6,,,
table7_row024,table7,2573,210,10,13,6,,210,10,80,120,True,True,True,8,8,8,4,4.0,4,6,6.0,6,6,6.0,6,,,
table7_row025,table7,2575,210,10,14,7,,210,10,80,120,True,True,True,8,8,8,4,4.0,4,6,6.0,6,6,6.0,6,,,
table7_row026,table7,2577,220,10,13,6,,220,10,84,126,True,True,True,8,8.0,8,4,4.0,4,6,6.0,6,6,6.0,6,,,
table7_row027,table7,2579,220,10,14,7,,220,10,84,126,True,True,True,8,8.0,8,4,4.0,4,6,6.0,6,6,6.0,6,,,
table7_row028,table7,2581,230,10,13,7,,230,10,88,132,True,True,True,8,8,8,4,4.0,4,6,6.0,6,6,6.0,6,,,
table7_row029,table7,2583,230,10,14,6,,230,10,88,132,True,True,True,8,8,8,4,4.0,4,6,6.0,6,6,6.0,6,,,
table7_row030,table7,2585,240,10,13,7,,240,10,92,138,True,True,True,8,8.0,8,4,4.0,4,6,6.0,6,6,6.0,6,,,
table7_row031,table7,2587,240,10,14,7,,240,10,92,138,True,True,True,8,8.0,8,4,4.0,4,6,6.0,6,6,6.0,6,,,
table7_row032,table7,2589,250,10,13,7,,250,10,96,144,True,True,True,8,8,8,4,4.0,4,6,6.0,6,6,6.0,6,,,
table7_row033,table7,2591,250,10,14,7,,250,10,96,144,True,True,True,8,8,8,4,4.0,4,6,6.0,6,6,6.0,6,,,
table7_row034,table7,2593,250,10,15,8,,250,10,96,144,True,True,True,8,8,8,4,4.0,4,6,6.0,6,6,6.0,6,,,
table7_row035,table7,2595,250,10,16,8,,250,10,96,144,True,True,True,8,8,8,4,4.0,4,6,6.0,6,6,6.0,6,,,
table7_row036,table7,2597,260,10,13,7,,260,10,100,150,True,True,True,8,8.0,8,4,4.0,4,6,6.0,6,6,6.0,6,,,
table7_row037,table7,2599,260,10,14,7,,260,10,100,150,True,True,True,8,8.0,8,4,4.0,4,6,6.0,6,6,6.0,6,,,
table7_row038,table7,2601,260,10,15,8,,260,10,100,150,True,True,True,8,8.0,8,4,4.0,4,6,6.0,6,6,6.0,6,,,
table7_row039,table7,2603,270,10,13,7,,270,10,104,156,True,True,True,8,8,8,4,4.0,4,6,6.0,6,6,6.0,6,,,
table7_row040,table7,2605,270,10,15,6,,270,10,104,156,True,True,True,8,8,8,4,4.0,4,6,6.0,6,6,6.0,6,,,
table7_row041,table7,2607,270,10,16,7,,270,10,104,156,True,True,True,8,8,8,4,4.0,4,6,6.0,6,6,6.0,6,,,
table7_row042,table7,2609,280,10,14,7,,280,10,108,162,True,True,True,8,8.0,8,4,4.0,4,6,6.0,6,6,6.0,6,,,
table7_row043,table7,2611,280,10,15,7,,280,10,108,162,True,True,True,8,8.0,8,4,4.0,4,6,6.0,6,6,6.0,6,,,
table7_row044,table7,2613,290,10,15,8,,290,10,112,168,True,True,True,8,8,8,4,4.0,4,6,6.0,6,6,6.0,6,,,
table7_row045,table7,2615,300,10,15,9,,300,10,116,174,True,True,True,8,8.0,8,4,4.0,4,6,6.0,6,6,6.0,6,,,
table7_row046,table7,2617,310,10,15,8,,310,10,120,180,True,True,True,8,8,8,4,4.0,4,6,6.0,6,6,6.0,6,,,
table7_row047,table7,2619,320,10,16,9,,320,10,124,186,True,True,True,8,8.0,8,4,4.0,4,6,6.0,6,6,6.0,6,,,
table7_row048,table7,2621,330,10,18,9,,330,10,128,192,True,True,True,8,8,8,4,4.0,4,6,6.0,6,6,6.0,6,,,
table7_row049,table7,2623,340,10,20,9,,340,10,132,198,True,True,True,8,8.0,8,4,4.0,4,6,6.0,6,6,6.0,6,,,
table7_row050,table7,2625,350,10,18,9,,350,10,136,204,True,True,True,8,8,8,4,4.0,4,6,6.0,6,6,6.0,6,,,
table7_row051,table7,2627,360,10,20,8,,360,10,140,210,True,True,True,8,8.0,8,4,4.0,4,6,6.0,6,6,6.0,6,,,
table7_row052,table7,2629,370,10,20,9,,370,10,144,216,True,True,True,8,8,8,4,4.0,4,6,6.0,6,6,6.0,6,,,
table7_row053,table7,2631,380,10,20,8,,380,10,148,222,True,True,True,8,8.0,8,4,4.0,4,6,6.0,6,6,6.0,6,,,
table7_row054,table7,2633,390,10,21,9,,390,10,152,228,True,True,True,8,8,8,4,4.0,4,6,6.0,6,6,6.0,6,,,
table7_row055,table7,2635,400,10,21,9,,400,10,156,234,True,True,True,8,8.0,8,4,4.0,4,6,6.0,6,6,6.0,6,,,
table7_row056,table7,2637,410,10,21,10,,410,10,160,240,True,True,True,8,8,8,4,4.0,4,6,6.0,6,6,6.0,6,,,
table7_row057,table7,2639,420,10,22,9,,420,10,164,246,True,True,True,8,8.0,8,4,4.0,4,6,6.0,6,6,6.0,6,,,
table7_row058,table7,2641,430,10,22,10,,430,10,168,252,True,True,True,8,8,8,4,4.0,4,6,6.0,6,6,6.0,6,,,
table7_row059,table7,2643,440,10,22,10,,440,10,172,258,True,True,True,8,8.0,8,4,4.0,4,6,6.0,6,6,6.0,6,,,
table7_row060,table7,2645,450,10,24,10,,450,10,176,264,True,True,True,8,8,8,4,4.0,4,6,6.0,6,6,6.0,6,,,
table7_row061,table7,2647,460,10,22,10,,460,10,180,270,True,True,True,8,8.0,8,4,4.0,4,6,6.0,6,6,6.0,6,,,
table7_row062,table7,2649,470,10,21,9,,470,10,184,276,True,True,True,8,8,8,4,4.0,4,6,6.0,6,6,6.0,6,,,
table7_row063,table7,2651,480,10,24,10,,480,10,188,282,True,True,True,8,8.0,8,4,4.0,4,6,6.0,6,6,6.0,6,,,
table7_row064,table7,2653,490,10,24,10,,490,10,192,288,True,True,True,8,8,8,4,4.0,4,6,6.0,6,6,6.0,6,,,
table7_row065,table7,2655,500,10,23,11,,500,10,196,294,True,True,True,8,8.0,8,4,4.0,4,6,6.0,6,6,6.0,6,,,
table7_row066,table7,2657,510,10,25,11,,510,10,200,300,True,True,True,8,8,8,4,4.0,4,6,6.0,6,6,6.0,6,,,
table7_row067,table7,2659,520,10,24,10,,520,10,204,306,True,True,True,8,8.0,8,4,4.0,4,6,6.0,6,6,6.0,6,,,
table7_row068,table7,2661,530,10,27,12,,530,10,208,312,True,True,True,8,8,8,4,4.0,4,6,6.0,6,6,6.0,6,,,
table7_row069,table7,2663,540,10,25,12,,540,10,212,318,True,True,True,8,8.0,8,4,4.0,4,6,6.0,6,6,6.0,6,,,
table7_row070,table7,2665,550,10,26,10,,550,10,216,324,True,True,True,8,8,8,4,4.0,4,6,6.0,6,6,6.0,6,,,
table7_row071,table7,2667,560,10,25,11,,560,10,220,330,True,True,True,8,8.0,8,4,4.0,4,6,6.0,6,6,6.0,6,,,
table7_row072,table7,2669,570,10,30,11,,570,10,224,336,True,True,True,8,8,8,4,4.0,4,6,6.0,6,6,6.0,6,,,
table7_row073,table7,2671,580,10,28,12,,580,10,228,342,True,True,True,8,8.0,8,4,4.0,4,6,6.0,6,6,6.0,6,,,
table7_row074,table7,2673,590,10,27,11,,590,10,232,348,True,True,True,8,8,8,4,4.0,4,6,6.0,6,6,6.0,6,,,
table7_row075,table7,2675,600,10,28,10,,600,10,236,354,True,True,True,8,8.0,8,4,4.0,4,6,6.0,6,6,6.0,6,,,
table7_row076,table7,2677,610,10,28,12,,610,10,240,360,True,True,True,8,8,8,4,4.0,4,6,6.0,6,6,6.0,6,,,
table7_row077,table7,2679,620,10,28,11,,620,10,244,366,True,True,True,8,8.0,8,4,4.0,4,6,6.0,6,6,6.0,6,,,
table7_row078,table7,2681,630,10,30,12,,630,10,248,372,True,True,True,8,8,8,4,4.0,4,6,6.0,6,6,6.0,6,,,
table7_row079,table7,2683,640,10,28,13,,640,10,252,378,True,True,True,8,8.0,8,4,4.0,4,6,6.0,6,6,6.0,6,,,
table7_row080,table7,2685,650,10,28,10,,650,10,256,384,True,True,True,8,8,8,4,4.0,4,6,6.0,6,6,6.0,6,,,
table7_row081,table7,2687,660,10,30,11,,660,10,260,390,True,True,True,8,8.0,8,4,4.0,4,6,6.0,6,6,6.0,6,,,
table7_row082,table7,2689,670,10,35,12,,670,10,264,396,True,True,True,8,8,8,4,4.0,4,6,6.0,6,6,6.0,6,,,
table7_row083,table7,2691,680,10,30,11,,680,10,268,402,True,True,True,8,8.0,8,4,4.0,4,6,6.0,6,6,6.0,6,,,
table7_row084,table7,2693,690,10,35,12,,690,10,272,408,True,True,True,8,8,8,4,4.0,4,6,6.0,6,6,6.0,6,,,
table7_row085,table7,2695,700,10,30,11,,700,10,276,414,True,True,True,8,8.0,8,4,4.0,4,6,6.0,6,6,6.0,6,,,
table7_row086,table7,2697,710,10,33,13,,710,10,280,420,True,True,True,8,8,8,4,4.0,4,6,6.0,6,6,6.0,6,,,
table7_row087,table7,2699,720,10,31,12,,720,10,284,426,True,True,True,8,8.0,8,4,4.0,4,6,6.0,6,6,6.0,6,,,
table7_row088,table7,2701,730,10,31,12,,730,10,288,432,True,True,True,8,8,8,4,4.0,4,6,6.0,6,6,6.0,6,,,
table7_row089,table7,2703,740,10,34,10,,740,10,292,438,True,True,True,8,8.0,8,4,4.0,4,6,6.0,6,6,6.0,6,,,
table7_row090,table7,2705,750,10,37,13,,750,10,296,444,True,True,True,8,8,8,4,4.0,4,6,6.0,6,6,6.0,6,,,
table7_row091,table7,2707,760,10,33,12,,760,10,300,450,True,True,True,8,8.0,8,4,4.0,4,6,6.0,6,6,6.0,6,,,
table7_row092,table7,2709,770,10,32,13,,770,10,304,456,True,True,True,8,8,8,4,4.0,4,6,6.0,6,6,6.0,6,,,
table7_row093,table7,2711,780,10,31,11,,780,10,308,462,True,True,True,8,8.0,8,4,4.0,4,6,6.0,6,6,6.0,6,,,
table7_row094,table7,2713,790,10,39,12,,790,10,312,468,True,True,True,8,8,8,4,4.0,4,6,6.0,6,6,6.0,6,,,
table7_row095,table7,2715,800,10,37,12,,800,10,316,474,True,True,True,8,8.0,8,4,4.0,4,6,6.0,6,6,6.0,6,,,
table7_row096,table7,2717,810,10,35,12,,810,10,320,480,True,True,True,8,8,8,4,4.0,4,6,6.0,6,6,6.0,6,,,
table7_row097,table7,2719,820,10,31,11,,820,10,324,486,True,True,True,8,8.0,8,4,4.0,4,6,6.0,6,6,6.0,6,,,
table7_row098,table7,2721,830,10,34,13,,830,10,328,492,True,True,True,8,8,8,4,4.0,4,6,6.0,6,6,6.0,6,,,
table7_row099,table7,2723,840,10,39,12,,840,10,332,498,True,True,True,8,8.0,8,4,4.0,4,6,6.0,6,6,6.0,6,,,
table7_row100,table7,2725,850,10,37,14,,850,10,336,504,True,True,True,8,8,8,4,4.0,4,6,6.0,6,6,6.0,6,,,
table7_row101,table7,2727,860,10,36,12,,860,10,340,510,True,True,True,8,8.0,8,4,4.0,4,6,6.0,6,6,6.0,6,,,
table7_row102,table7,2729,870,10,39,14,,870,10,344,516,True,True,True,8,8,8,4,4.0,4,6,6.0,6,6,6.0,6,,,
table7_row103,table7,2731,880,10,34,13,,880,10,348,522,True,True,True,8,8.0,8,4,4.0,4,6,6.0,6,6,6.0,6,,,
table7_row104,table7,2733,890,10,36,14,,890,10,352,528,True,True,True,8,8,8,4,4.0,4,6,6.0,6,6,6.0,6,,,
table7_row105,table7,2735,900,10,39,13,,900,10,356,534,True,True,True,8,8.0,8,4,4.0,4,6,6.0,6,6,6.0,6,,,
table7_row106,table7,2737,910,10,44,16,,910,10,360,540,True,True,True,8,8,8,4,4.0,4,6,6.0,6,6,6.0,6,,,
table7_row107,table7,2739,920,10,43,12,,920,10,364,546,True,True,True,8,8.0,8,4,4.0,4,6,6.0,6,6,6.0,6,,,
table7_row108,table7,2741,930,10,45,13,,930,10,368,552,True,True,True,8,8,8,4,4.0,4,6,6.0,6,6,6.0,6,,,
table8_row001,table8,2804,140,20,6,6,,140,20,60,60,True,True,True,8,8,8,6,6.0,6,8,8,8,6,6.0,6,,,
table8_row002,table8,2806,160,20,6,6,,160,20,70,70,True,True,True,8,8.0,8,6,6.0,6,8,8.0,8,6,6.0,6,,,
table8_row003,table8,2808,180,20,6,6,,180,20,80,80,True,True,True,8,8,8,6,6.0,6,8,8,8,6,6.0,6,,,
table8_row004,table8,2810,200,20,7,7,,200,20,90,90,True,True,True,8,8.0,8,6,6.0,6,8,8.0,8,6,6.0,6,,,
table8_row005,table8,2812,220,20,8,8,,220,20,100,100,True,True,True,8,8,8,6,6.0,6,8,8,8,6,6.0,6,,,
table8_row006,table8,2814,240,20,8,8,,240,20,110,110,True,True,True,8,8.0,8,6,6.0,6,8,8.0,8,6,6.0,6,,,
table8_row007,table8,2816,260,20,10,10,,260,20,120,120,True,True,True,8,8,8,6,6.0,6,8,8,8,6,6.0,6,,,
table8_row008,table8,2818,280,20,9,9,,280,20,130,130,True,True,True,8,8.0,8,6,6.0,6,8,8.0,8,6,6.0,6,,,
table8_row009,table8,2820,300,20,9,9,,300,20,140,140,True,True,True,8,8,8,6,6.0,6,8,8,8,6,6.0,6,,,
table8_row010,table8,2822,320,20,9,9,,320,20,150,150,True,True,True,8,8.0,8,6,6.0,6,8,8.0,8,6,6.0,6,,,
table8_row011,table8,2824,340,20,10,10,,340,20,160,160,True,True,True,8,8,8,6,6.0,6,8,8,8,6,6.0,6,,,
table8_row012,table8,2826,360,20,10,10,,360,20,170,170,True,True,True,8,8.0,8,6,6.0,6,8,8.0,8,6,6.0,6,,,
table8_row013,table8,2828,380,20,10,10,,380,20,180,180,True,True,True,8,8,8,6,6.0,6,8,8,8,6,6.0,6,,,
table8_row014,table8,2830,380,20,11,11,,380,20,180,180,True,True,True,8,8,8,6,6.0,6,8,8,8,6,6.0,6,,,
table8_row015,table8,2832,400,20,10,10,,400,20,190,190,True,True,True,8,8.0,8,6,6.0,6,8,8.0,8,6,6.0,6,,,
table8_row016,table8,2834,400,20,11,11,,400,20,190,190,True,True,True,8,8.0,8,6,6.0,6,8,8.0,8,6,6.0,6,,,
table8_row017,table8,2836,400,20,12,12,,400,20,190,190,True,True,True,8,8.0,8,6,6.0,6,8,8.0,8,6,6.0,6,,,
table8_row018,table8,2838,420,20,12,12,,420,20,200,200,True,True,True,8,8,8,6,6.0,6,8,8,8,6,6.0,6,,,
table8_row019,table8,2840,440,20,11,11,,440,20,210,210,True,True,True,8,8.0,8,6,6.0,6,8,8.0,8,6,6.0,6,,,
table8_row020,table8,2842,460,20,12,12,,460,20,220,220,True,True,True,8,8,8,6,6.0,6,8,8,8,6,6.0,6,,,
table8_row021,table8,2844,480,20,12,12,,480,20,230,230,True,True,True,8,8.0,8,6,6.0,6,8,8.0,8,6,6.0,6,,,
table8_row022,table8,2848,520,20,14,14,,520,20,250,250,True,True,True,8,8.0,8,6,6.0,6,8,8.0,8,6,6.0,6,,,
table8_row023,table8,2850,540,20,13,13,,540,20,260,260,True,True,True,8,8,8,6,6.0,6,8,8,8,6,6.0,6,,,
table8_row024,table8,2852,560,20,14,14,,560,20,270,270,True,True,True,8,8.0,8,6,6.0,6,8,8.0,8,6,6.0,6,,,
table8_row025,table8,2854,580,20,14,14,,580,20,280,280,True,True,True,8,8,8,6,6.0,6,8,8,8,6,6.0,6,,,
table8_row026,table8,2856,600,20,14,14,,600,20,290,290,True,True,True,8,8.0,8,6,6.0,6,8,8.0,8,6,6.0,6,,,
table8_row027,table8,2858,620,20,15,15,,620,20,300,300,True,True,True,8,8,8,6,6.0,6,8,8,8,6,6.0,6,,,
table8_row028,table8,2860,640,20,15,15,,640,20,310,310,True,True,True,8,8.0,8,6,6.0,6,8,8.0,8,6,6.0,6,,,
table8_row029,table8,2862,660,20,15,15,,660,20,320,320,True,True,True,8,8,8,6,6.0,6,8,8,8,6,6.0,6,,,
table8_row030,table8,2864,680,20,15,15,,680,20,330,330,True,True,True,8,8.0,8,6,6.0,6,8,8.0,8,6,6.0,6,,,
table8_row031,table8,2866,700,20,15,15,,700,20,340,340,True,True,True,8,8,8,6,6.0,6,8,8,8,6,6.0,6,,,
table8_row032,table8,2868,720,20,15,15,,720,20,350,350,True,True,True,8,8.0,8,6,6.0,6,8,8.0,8,6,6.0,6,,,
table8_row033,table8,2870,740,20,18,18,,740,20,360,360,True,True,True,8,8,8,6,6.0,6,8,8,8,6,6.0,6,,,
table8_row034,table8,2872,760,20,18,18,,760,20,370,370,True,True,True,8,8.0,8,6,6.0,6,8,8.0,8,6,6.0,6,,,
table8_row035,table8,2874,780,20,18,18,,780,20,380,380,True,True,True,8,8,8,6,6.0,6,8,8,8,6,6.0,6,,,
table8_row036,table8,2876,800,20,15,15,,800,20,390,390,True,True,True,8,8.0,8,6,6.0,6,8,8.0,8,6,6.0,6,,,
table8_row037,table8,2878,820,20,18,18,,820,20,400,400,True,True,True,8,8,8,6,6.0,6,8,8,8,6,6.0,6,,,
table8_row038,table8,2880,840,20,18,18,,840,20,410,410,True,True,True,8,8.0,8,6,6.0,6,8,8.0,8,6,6.0,6,,,
table8_row039,table8,2882,860,20,20,20,,860,20,420,420,True,True,True,8,8,8,6,6.0,6,8,8,8,6,6.0,6,,,
table8_row040,table8,2884,880,20,15,15,,880,20,430,430,True,True,True,8,8.0,8,6,6.0,6,8,8.0,8,6,6.0,6,,,
table8_row041,table8,2886,900,20,18,18,,900,20,440,440,True,True,True,8,8,8,6,6.0,6,8,8,8,6,6.0,6,,,
table8_row042,table8,2888,920,20,18,18,,920,20,450,450,True,True,True,8,8.0,8,6,6.0,6,8,8.0,8,6,6.0,6,,,
table8_row043,table8,2890,940,20,18,18,,940,20,460,460,True,True,True,8,8,8,6,6.0,6,8,8,8,6,6.0,6,,,
table8_row044,table8,2892,960,20,19,19,,960,20,470,470,True,True,True,8,8.0,8,6,6.0,6,8,8.0,8,6,6.0,6,,,
table8_row045,table8,2894,980,20,19,19,,980,20,480,480,True,True,True,8,8,8,6,6.0,6,8,8,8,6,6.0,6,,,
table8_row046,table8,2896,1000,20,20,20,,1000,20,490,490,True,True,True,8,8.0,8,6,6.0,6,8,8.0,8,6,6.0,6,,,
table8_row047,table8,2898,1020,20,19,19,,1020,20,500,500,True,True,True,8,8,8,6,6.0,6,8,8,8,6,6.0,6,,,
table8_row048,table8,2900,1040,20,18,18,,1040,20,510,510,True,True,True,8,8.0,8,6,6.0,6,8,8.0,8,6,6.0,6,,,
table8_row049,table8,2902,1060,20,20,20,,1060,20,520,520,True,True,True,8,8,8,6,6.0,6,8,8,8,6,6.0,6,,,
table8_row050,table8,2904,1080,20,20,20,,1080,20,530,530,True,True,True,8,8.0,8,6,6.0,6,8,8.0,8,6,6.0,6,,,
table8_row051,table8,2906,1100,20,22,22,,1100,20,540,540,True,True,True,8,8,8,6,6.0,6,8,8,8,6,6.0,6,,,
table8_row052,table8,2908,1120,20,20,20,,1120,20,550,550,True,True,True,8,8.0,8,6,6.0,6,8,8.0,8,6,6.0,6,,,
table8_row053,table8,2910,1140,20,21,21,,1140,20,560,560,True,True,True,8,8,8,6,6.0,6,8,8,8,6,6.0,6,,,
table8_row054,table8,2912,1160,20,21,21,,1160,20,570,570,True,True,True,8,8.0,8,6,6.0,6,8,8.0,8,6,6.0,6,,,
table8_row055,table8,2914,1180,20,22,22,,1180,20,580,580,True,True,True,8,8,8,6,6.0,6,8,8,8,6,6.0,6,,,
table8_row056,table8,2916,1200,20,20,20,,1200,20,590,590,True,True,True,8,8.0,8,6,6.0,6,8,8.0,8,6,6.0,6,,,
table8_row057,table8,2918,1220,20,20,20,,1220,20,600,600,True,True,True,8,8,8,6,6.0,6,8,8,8,6,6.0,6,,,
table8_row058,table8,2920,1240,20,24,24,,1240,20,610,610,True,True,True,8,8.0,8,6,6.0,6,8,8.0,8,6,6.0,6,,,
table8_row059,table8,2922,1260,20,24,24,,1260,20,620,620,True,True,True,8,8,8,6,6.0,6,8,8,8,6,6.0,6,,,
table8_row060,table8,2924,1280,20,23,23,,1280,20,630,630,True,True,True,8,8.0,8,6,6.0,6,8,8.0,8,6,6.0,6,,,
table8_row061,table8,2926,1300,20,24,24,,1300,20,640,640,True,True,True,8,8,8,6,6.0,6,8,8,8,6,6.0,6,,,
table8_row062,table8,2928,1320,20,22,22,,1320,20,650,650,True,True,True,8,8.0,8,6,6.0,6,8,8.0,8,6,6.0,6,,,
table9_row001,table9,2946,280,35,8,4,,280,35,105,140,True,True,True,10,10.0,10,6,6.0,6,8,8.0,8,8,8.0,8,,,
table9_row002,table9,2948,315,35,9,6,,315,35,120,160,True,True,True,10,10,10,6,6,6,8,8,8,8,8,8,,,
table9_row003,table9,2950,350,35,10,6,,350,35,135,180,True,True,True,10,10.0,10,6,6.0,6,8,8.0,8,8,8.0,8,,,
table9_row004,table9,2952,385,35,10,7,,385,35,150,200,True,True,True,10,10,10,6,6,6,8,8,8,8,8,8,,,
table9_row005,table9,2954,420,35,10,6,,420,35,165,220,True,True,True,10,10.0,10,6,6.0,6,8,8.0,8,8,8.0,8,,,
table9_row006,table9,2956,455,35,10,7,,455,35,180,240,True,True,True,10,10,10,6,6,6,8,8,8,8,8,8,,,
table9_row007,table9,2958,455,35,11,7,,455,35,180,240,True,True,True,10,10,10,6,6,6,8,8,8,8,8,8,,,
table9_row008,table9,2960,490,35,11,7,,490,35,195,260,True,True,True,10,10.0,10,6,6.0,6,8,8.0,8,8,8.0,8,,,
table9_row009,table9,2962,490,35,12,7,,490,35,195,260,True,True,True,10,10.0,10,6,6.0,6,8,8.0,8,8,8.0,8,,,
table9_row010,table9,2964,525,35,12,8,,525,35,210,280,True,True,True,10,10,10,6,6,6,8,8,8,8,8,8,,,
table9_row011,table9,2966,525,35,15,9,,525,35,210,280,True,True,True,10,10,10,6,6,6,8,8,8,8,8,8,,,
table9_row012,table9,2968,560,35,15,8,,560,35,225,300,True,True,True,10,10.0,10,6,6.0,6,8,8.0,8,8,8.0,8,,,
table9_row013,table9,2970,595,35,15,10,,595,35,240,320,True,True,True,10,10,10,6,6,6,8,8,8,8,8,8,,,
table9_row014,table9,2972,630,35,15,9,,630,35,255,340,True,True,True,10,10.0,10,6,6.0,6,8,8.0,8,8,8.0,8,,,
table9_row015,table9,2974,665,35,15,10,,665,35,270,360,True,True,True,10,10,10,6,6,6,8,8,8,8,8,8,,,
table9_row016,table9,2976,700,35,16,10,,700,35,285,380,True,True,True,10,10.0,10,6,6.0,6,8,8.0,8,8,8.0,8,,,
table9_row017,table9,2978,735,35,15,10,,735,35,300,400,True,True,True,10,10,10,6,6,6,8,8,8,8,8,8,,,
table9_row018,table9,2980,770,35,17,10,,770,35,315,420,True,True,True,10,10.0,10,6,6.0,6,8,8.0,8,8,8.0,8,,,
table9_row019,table9,2982,805,35,18,11,,805,35,330,440,True,True,True,10,10,10,6,6,6,8,8,8,8,8,8,,,
table9_row020,table9,2984,840,35,19,12,,840,35,345,460,True,True,True,10,10.0,10,6,6.0,6,8,8.0,8,8,8.0,8,,,
table9_row021,table9,2986,875,35,18,11,,875,35,360,480,True,True,True,10,10,10,6,6,6,8,8,8,8,8,8,,,
table9_row022,table9,2988,910,35,19,11,,910,35,375,500,True,True,True,10,10.0,10,6,6.0,6,8,8.0,8,8,8.0,8,,,
table9_row023,table9,2990,945,35,18,9,,945,35,390,520,True,True,True,10,10,10,6,6,6,8,8,8,8,8,8,,,
table9_row024,table9,2992,980,35,20,12,,980,35,405,540,True,True,True,10,10.0,10,6,6.0,6,8,8.0,8,8,8.0,8,,,
table9_row025,table9,2994,1015,35,22,13,,1015,35,420,560,True,True,True,10,10,10,6,6,6,8,8,8,8,8,8,,,
table9_row026,table9,2996,1050,35,21,13,,1050,35,435,580,True,True,True,10,10.0,10,6,6.0,6,8,8.0,8,8,8.0,8,,,
table10_row001,table10,3013,630,70,9,9,,630,70,280,280,True,True,True,10,10.0,10,8,8.0,8,10,10.0,10,8,8.0,8,,,
table10_row002,table10,3015,700,70,8,8,,700,70,315,315,True,True,True,10,10.0,10,8,8.0,8,10,10.0,10,8,8.0,8,,,
table10_row003,table10,3017,770,70,9,9,,770,70,350,350,True,True,True,10,10.0,10,8,8.0,8,10,10.0,10,8,8.0,8,,,
table10_row004,table10,3019,840,70,10,10,,840,70,385,385,True,True,True,10,10.0,10,8,8.0,8,10,10.0,10,8,8.0,8,,,
table10_row005,table10,3021,910,70,11,11,,910,70,420,420,True,True,True,10,10.0,10,8,8.0,8,10,10.0,10,8,8.0,8,,,
table10_row006,table10,3023,980,70,10,10,,980,70,455,455,True,True,True,10,10.0,10,8,8.0,8,10,10.0,10,8,8.0,8,,,
table10_row007,table10,3025,1050,70,11,11,,1050,70,490,490,True,True,True,10,10.0,10,8,8.0,8,10,10.0,10,8,8.0,8,,,
table10_row008,table10,3027,1120,70,11,11,,1120,70,525,525,True,True,True,10,10.0,10,8,8.0,8,10,10.0,10,8,8.0,8,,,
table10_row009,table10,3029,1190,70,13,13,,1190,70,560,560,True,True,True,10,10.0,10,8,8.0,8,10,10.0,10,8,8.0,8,,,
table10_row010,table10,3031,1260,70,12,12,,1260,70,595,595,True,True,True,10,10.0,10,8,8.0,8,10,10.0,10,8,8.0,8,,,
table10_row011,table10,3033,1330,70,13,13,,1330,70,630,630,True,True,True,10,10.0,10,8,8.0,8,10,10.0,10,8,8.0,8,,,
table10_row012,table10,3035,1400,70,10,10,,1400,70,665,665,True,True,True,10,10.0,10,8,8.0,8,10,10.0,10,8,8.0,8,,,
table10_row013,table10,3037,1470,70,13,13,,1470,70,700,700,True,True,True,10,10.0,10,8,8.0,8,10,10.0,10,8,8.0,8,,,
table10_row014,table10,3039,1540,70,12,12,,1540,70,735,735,True,True,True,10,10.0,10,8,8.0,8,10,10.0,10,8,8.0,8,,,
table10_row015,table10,3041,1610,70,16,16,,1610,70,770,770,True,True,True,10,10.0,10,8,8.0,8,10,10.0,10,8,8.0,8,,,
table10_row016,table10,3043,1680,70,15,15,,1680,70,805,805,True,True,True,10,10.0,10,8,8.0,8,10,10.0,10,8,8.0,8,,,
table10_row017,table10,3045,1750,70,17,17,,1750,70,840,840,True,True,True,10,10.0,10,8,8.0,8,10,10.0,10,8,8.0,8,,,
table10_row018,table10,3047,1820,70,13,13,,1820,70,875,875,True,True,True,10,10.0,10,8,8.0,8,10,10.0,10,8,8.0,8,,,
table10_row019,table10,3049,1890,70,15,15,,1890,70,910,910,True,True,True,10,10.0,10,8,8.0,8,10,10.0,10,8,8.0,8,,,
table10_row020,table10,3051,1960,70,14,14,,1960,70,945,945,True,True,True,10,10.0,10,8,8.0,8,10,10.0,10,8,8.0,8,,,
table10_row021,table10,3053,2030,70,18,18,,2030,70,980,980,True,True,True,10,10.0,10,8,8.0,8,10,10.0,10,8,8.0,8,,,
table11_row001,table11,3070,1260,126,10,5,,1260,126,504,630,True,True,True,12,12.0,12,8,8.0,8,10,10.0,10,10,10.0,10,,,
table11_row002,table11,3072,1386,126,11,9,,1386,126,560,700,True,True,True,12,12.0,12,8,8.0,8,10,10.0,10,10,10.0,10,,,
table11_row003,table11,3074,1512,126,12,9,,1512,126,616,770,True,True,True,12,12.0,12,8,8.0,8,10,10.0,10,10,10.0,10,,,
table11_row004,table11,3076,1638,126,13,10,,1638,126,672,840,True,True,True,12,12.0,12,8,8.0,8,10,10.0,10,10,10.0,10,,,
table11_row005,table11,3078,1764,126,14,10,,1764,126,728,910,True,True,True,12,12.0,12,8,8.0,8,10,10.0,10,10,10.0,10,,,
example_AMC96,explicit_example,1615,96,6,8,8,,96,6,45,45,True,True,True,6,6.0,6,4,4.0,4,6,6.0,6,4,4.0,4,,,
example_BB144,explicit_example,1633,144,12,12,12,,144,12,66,66,True,True,True,6,6.0,6,3,3.0,3,6,6.0,6,3,3.0,3,,,
example_TT72,explicit_example,1649,72,6,12,6,,72,6,22,44,True,True,True,9,9.0,9,3,3.0,3,6,6.0,6,6,6.0,6,,,
example_Toric96,explicit_example,1666,96,6,4,4,,96,6,45,45,True,True,True,6,6.0,6,4,4.0,4,6,6.0,6,4,4.0,4,,,
example_LaCross98,explicit_example,1684,98,18,4,4,,98,18,40,40,True,True,True,6,6,6,3,3.0,3,6,6,6,3,3.0,3,,,
example_MB48,explicit_example,1700,48,4,6,6,,48,4,22,22,True,True,True,6,6.0,6,2,3.0,4,6,6.0,6,2,3.0,4,,,
example_GB30,explicit_example,1718,30,8,4,4,,30,8,11,11,True,True,True,6,6,6,3,3.0,3,6,6,6,3,3.0,3,,,
example_2BGA16,explicit_example,1734,16,2,4,4,,16,2,7,7,True,True,True,8,8.0,8,2,4.0,6,8,8.0,8,2,4.0,6,,,
example_C2_450,explicit_example,1750,450,32,8,8,,450,32,209,209,True,True,True,6,6,6,3,3.0,3,6,6,6,3,3.0,3,,,
example_CxR240,explicit_example,1770,240,8,8,8,,240,8,116,116,True,True,True,5,5.0,5,2,2.5,3,5,5.0,5,2,2.5,3,,,
example_2BGA56,explicit_example,568,56,28,0,0,,56,28,14,14,True,True,True,8,8.0,8,2,4.0,6,8,8.0,8,2,4.0,6,,,
example_GB70,explicit_example,608,70,8,0,0,,70,8,31,31,True,True,True,8,8,8,4,4.0,4,8,8,8,4,4.0,4,,,
example_Haah1024,explicit_example,1103,1024,30,0,0,,1024,30,497,497,True,True,True,8,8.0,8,4,4.0,4,8,8.0,8,4,4.0,4,,,
example_BB756,explicit_example,1050,756,16,0,0,,756,16,370,370,True,True,True,6,6.0,6,3,3.0,3,6,6.0,6,3,3.0,3,,,
